{
  "type": "FeatureCollection",
  "features": [
    {
      "type": "Feature",
      "id": 13,
      "geometry": {
        "type": "Polygon",
        "coordinates": [
          [
            [
              -83.08877218595906,
              42.56397018510657
            ],
            [
              -83.08879681802703,
              42.564579099890786
            ],
            [
              -83.08886006156469,
              42.56614250594458
            ],
            [
              -83.08888428383723,
              42.5667412667808
            ],
            [
              -83.08891868424199,
              42.56759159937353
            ],
            [
              -83.08895526100771,
              42.56849568803427
            ],
            [
              -83.0889735360251,
              42.568947423797624
            ],
            [
              -83.08898267364351,
              42.56917326150916
            ],
            [
              -83.08898551759721,
              42.569243583328706
            ],
            [
              -83.08899123797524,
              42.56938496024869
            ],
            [
              -83.08900954133746,
              42.56983735807373
            ],
            [
              -83.08902651182531,
              42.57025685144928
            ],
            [
              -83.08902785163879,
              42.57028996484501
            ],
            [
              -83.0890644514354,
              42.57119450999731
            ],
            [
              -83.08906533880184,
              42.57121643636195
            ],
            [
              -83.08920902253026,
              42.57480321510974
            ],
            [
              -83.08921866793821,
              42.57504398144279
            ],
            [
              -83.08922741987831,
              42.57526246389118
            ],
            [
              -83.0892985301544,
              42.57703739589508
            ],
            [
              -83.0893383685006,
              42.57803174199389
            ],
            [
              -83.08934958337008,
              42.57831165139468
            ],
            [
              -83.08935615503573,
              42.57847567532907
            ],
            [
              -83.08935629878648,
              42.57847947388629
            ],
            [
              -83.08947920871049,
              42.58174016665934
            ],
            [
              -83.08951723177091,
              42.58274879998547
            ],
            [
              -83.08954731660667,
              42.58354685919792
            ],
            [
              -83.08960476736169,
              42.585070762697995
            ],
            [
              -83.08962956858927,
              42.58572862854918
            ],
            [
              -83.08969700076581,
              42.58758558146093
            ],
            [
              -83.08970111736238,
              42.58769893440659
            ],
            [
              -83.08970696674179,
              42.587860010303274
            ],
            [
              -83.08971684937133,
              42.588132152114454
            ],
            [
              -83.08973000872236,
              42.588494520843604
            ],
            [
              -83.08973987591028,
              42.588766237478964
            ],
            [
              -83.08974978662854,
              42.58903910259048
            ],
            [
              -83.08976289089168,
              42.58939995891242
            ],
            [
              -83.08976941115746,
              42.58957947866833
            ],
            [
              -83.08982892464564,
              42.591218152558945
            ],
            [
              -83.08986179351486,
              42.59212313190795
            ],
            [
              -83.08987412552102,
              42.59246266274277
            ],
            [
              -83.08989454935868,
              42.59302499635436
            ],
            [
              -83.09007351516442,
              42.59604105683407
            ],
            [
              -83.09011121719087,
              42.59667640270403
            ],
            [
              -83.09012760671963,
              42.596952600452575
            ],
            [
              -83.09012882745525,
              42.59697316459832
            ],
            [
              -83.09014371671363,
              42.59722407702262
            ],
            [
              -83.09015982612864,
              42.59749552926536
            ],
            [
              -83.0901790262333,
              42.59781906308076
            ],
            [
              -83.09018442061075,
              42.59790995740747
            ],
            [
              -83.09020816507295,
              42.59831005892589
            ],
            [
              -83.0902610493858,
              42.59920116251946
            ],
            [
              -83.09027676031839,
              42.599465892425435
            ],
            [
              -83.09029416975831,
              42.599759273696684
            ],
            [
              -83.0903211753071,
              42.60021427319884
            ],
            [
              -83.09033080583463,
              42.600407466641244
            ],
            [
              -83.09033275556148,
              42.6004465581289
            ],
            [
              -83.09033295757382,
              42.60045061123854
            ],
            [
              -83.0903438826496,
              42.60066975035732
            ],
            [
              -83.09038683707153,
              42.60153137718324
            ],
            [
              -83.09038704034634,
              42.60153542850566
            ],
            [
              -83.09040679302046,
              42.60193163595729
            ],
            [
              -83.0904141500701,
              42.60207920373648
            ],
            [
              -83.09042453411915,
              42.602287496076755
            ],
            [
              -83.09043191268287,
              42.602435504379876
            ],
            [
              -83.09043820608126,
              42.602561738146264
            ],
            [
              -83.09045179714983,
              42.60283434509576
            ],
            [
              -83.09048192027903,
              42.603438497087986
            ],
            [
              -83.09050233673148,
              42.60384797278988
            ],
            [
              -83.09053431861766,
              42.60448941347483
            ],
            [
              -83.09068051395272,
              42.6074214139245
            ],
            [
              -83.0906839803755,
              42.60749092304749
            ],
            [
              -83.0906846187266,
              42.607503890374865
            ],
            [
              -83.09069892572286,
              42.60779440307025
            ],
            [
              -83.09069992036638,
              42.6078145999971
            ],
            [
              -83.09071055700228,
              42.608030576216684
            ],
            [
              -83.09071611182213,
              42.608143375942355
            ],
            [
              -83.09073269902947,
              42.60848019946653
            ],
            [
              -83.09075503664987,
              42.60893379108691
            ],
            [
              -83.09078623841637,
              42.609567346923164
            ],
            [
              -83.09082131428156,
              42.61027958051164
            ],
            [
              -83.09083646937994,
              42.61058728018651
            ],
            [
              -83.09084348087855,
              42.61072962888715
            ],
            [
              -83.09085048611323,
              42.61087186856822
            ],
            [
              -83.09085470143297,
              42.61095747506486
            ],
            [
              -83.09086577607974,
              42.61118233661917
            ],
            [
              -83.09087670474173,
              42.61140421715103
            ],
            [
              -83.09090992221712,
              42.612078676528306
            ],
            [
              -83.09095215168949,
              42.61293606033619
            ],
            [
              -83.09096241591162,
              42.61314448699806
            ],
            [
              -83.09096815270918,
              42.61326093885441
            ],
            [
              -83.09097457189087,
              42.61339124900205
            ],
            [
              -83.09101941590038,
              42.61430167671387
            ],
            [
              -83.09102338991914,
              42.614382370660614
            ],
            [
              -83.09104183837907,
              42.614756861721574
            ],
            [
              -83.09106147762783,
              42.61521522003094
            ],
            [
              -83.09108111958518,
              42.615673579244756
            ],
            [
              -83.09108971117101,
              42.61587409072006
            ],
            [
              -83.09110074668979,
              42.616131606923645
            ],
            [
              -83.09115146077976,
              42.61731509997708
            ],
            [
              -83.09117012563324,
              42.61775067375394
            ],
            [
              -83.09129056317833,
              42.6205610610384
            ],
            [
              -83.09144488876215,
              42.624161811755314
            ],
            [
              -83.09144669371524,
              42.624203930401244
            ],
            [
              -83.09144693025561,
              42.62420945781675
            ],
            [
              -83.09540162083736,
              42.62410405137197
            ],
            [
              -83.09632382178559,
              42.624079451733756
            ],
            [
              -83.0981626966772,
              42.62403037749005
            ],
            [
              -83.10075540645083,
              42.62396113478892
            ],
            [
              -83.10113188478653,
              42.623951075289554
            ],
            [
              -83.1013124035766,
              42.62394626956165
            ],
            [
              -83.10194876126637,
              42.623932474776154
            ],
            [
              -83.10262766343267,
              42.623917752602075
            ],
            [
              -83.10425819187704,
              42.62388238031045
            ],
            [
              -83.10462518855016,
              42.623874414728746
            ],
            [
              -83.10490425864964,
              42.62386835782494
            ],
            [
              -83.10523364802205,
              42.623861206653665
            ],
            [
              -83.10560550144837,
              42.6238531331937
            ],
            [
              -83.10597735234019,
              42.623845058493906
            ],
            [
              -83.10658516722154,
              42.623831856792165
            ],
            [
              -83.10719298184473,
              42.62381865184987
            ],
            [
              -83.10961982227333,
              42.62376589684777
            ],
            [
              -83.11083429600953,
              42.62373947738245
            ],
            [
              -83.11093228507279,
              42.62373733885623
            ],
            [
              -83.11108424152901,
              42.623734022711986
            ],
            [
              -83.11157376014083,
              42.623713898259425
            ],
            [
              -83.11194780956474,
              42.62369851990103
            ],
            [
              -83.1120852264147,
              42.62369286976743
            ],
            [
              -83.11431663937222,
              42.62360109953438
            ],
            [
              -83.11552159003185,
              42.623551526207066
            ],
            [
              -83.11576732653558,
              42.623541415033614
            ],
            [
              -83.11613830263641,
              42.623526148592425
            ],
            [
              -83.11644619140257,
              42.62351347816902
            ],
            [
              -83.11700168429694,
              42.62349061542168
            ],
            [
              -83.11746216916394,
              42.62347166098822
            ],
            [
              -83.11768476628149,
              42.62346249863022
            ],
            [
              -83.11805575974259,
              42.62344722524959
            ],
            [
              -83.11840820835671,
              42.623432714609415
            ],
            [
              -83.118742107274,
              42.623418966828375
            ],
            [
              -83.12064865042498,
              42.62334044771104
            ],
            [
              -83.1207111881144,
              42.62333787187134
            ],
            [
              -83.12087442511023,
              42.62333291834705
            ],
            [
              -83.12136442582191,
              42.623317522911115
            ],
            [
              -83.12185442507192,
              42.623302125355785
            ],
            [
              -83.12234442531624,
              42.623286724807485
            ],
            [
              -83.1229900724284,
              42.623266430450926
            ],
            [
              -83.12307942216214,
              42.62326362090311
            ],
            [
              -83.12365926676017,
              42.62324539067988
            ],
            [
              -83.1238144184258,
              42.62324051406044
            ],
            [
              -83.12393871011858,
              42.62323660366568
            ],
            [
              -83.12405941995706,
              42.62323280805696
            ],
            [
              -83.12411490481385,
              42.62323106285847
            ],
            [
              -83.1242171335137,
              42.62322784806901
            ],
            [
              -83.12433977329334,
              42.623223991263664
            ],
            [
              -83.12449555804935,
              42.62321909180565
            ],
            [
              -83.12457151982508,
              42.62321670334602
            ],
            [
              -83.12463494048056,
              42.623214707620036
            ],
            [
              -83.12502867263831,
              42.623202324454795
            ],
            [
              -83.12528441799022,
              42.62319427905061
            ],
            [
              -83.12566896610498,
              42.623182180828664
            ],
            [
              -83.12565852253336,
              42.623017632395104
            ],
            [
              -83.1256253384955,
              42.62249487828897
            ],
            [
              -83.1256169188282,
              42.622362219952
            ],
            [
              -83.1255896583856,
              42.62193278003336
            ],
            [
              -83.12558890448446,
              42.62192089310036
            ],
            [
              -83.125579220822,
              42.62176831807025
            ],
            [
              -83.12557846565205,
              42.621756433824274
            ],
            [
              -83.12554888832535,
              42.62129046179426
            ],
            [
              -83.12554397554484,
              42.62124958323194
            ],
            [
              -83.12552079977694,
              42.62083500618412
            ],
            [
              -83.1255202042773,
              42.62082434639234
            ],
            [
              -83.12551160570902,
              42.62067050280964
            ],
            [
              -83.12551110795705,
              42.62066160342643
            ],
            [
              -83.12548856694205,
              42.62025836725207
            ],
            [
              -83.12556580094625,
              42.62025600552733
            ],
            [
              -83.12579579627453,
              42.62024897439194
            ],
            [
              -83.12593703221289,
              42.62024465658359
            ],
            [
              -83.12611133894814,
              42.62023932723341
            ],
            [
              -83.12630826579976,
              42.620233305557306
            ],
            [
              -83.12642688397949,
              42.62022967832778
            ],
            [
              -83.12658668877688,
              42.620224791020874
            ],
            [
              -83.12667949681327,
              42.62022195329552
            ],
            [
              -83.12674242647527,
              42.620220028522304
            ],
            [
              -83.1270849219668,
              42.620209554473796
            ],
            [
              -83.12730765870741,
              42.62020274208586
            ],
            [
              -83.12768182560497,
              42.620191296032516
            ],
            [
              -83.12786450036344,
              42.62018570831175
            ],
            [
              -83.12805305488011,
              42.620179940184734
            ],
            [
              -83.12842428889506,
              42.62016858318104
            ],
            [
              -83.12879551788107,
              42.62015722581558
            ],
            [
              -83.12916674795028,
              42.62014586725451
            ],
            [
              -83.1293412371047,
              42.620140527749065
            ],
            [
              -83.12938948789126,
              42.62013905083863
            ],
            [
              -83.1296122253635,
              42.620132233060865
            ],
            [
              -83.12964934846501,
              42.62013109717455
            ],
            [
              -83.12968647523962,
              42.620129960415646
            ],
            [
              -83.1300948256666,
              42.620117461095
            ],
            [
              -83.13013567058559,
              42.62011621055948
            ],
            [
              -83.13019505997052,
              42.62011439224074
            ],
            [
              -83.13046968440752,
              42.62010598549572
            ],
            [
              -83.13044252143614,
              42.619565403307725
            ],
            [
              -83.1304128418564,
              42.61897470832705
            ],
            [
              -83.1303973425216,
              42.61866622026712
            ],
            [
              -83.13038894275377,
              42.61849902756341
            ],
            [
              -83.13038541753208,
              42.618428865000475
            ],
            [
              -83.1303703891456,
              42.61812975228533
            ],
            [
              -83.1303634995529,
              42.617992623446376
            ],
            [
              -83.13058616677193,
              42.61798771909642
            ],
            [
              -83.13118036053096,
              42.61797462909226
            ],
            [
              -83.1315888682021,
              42.61796563235917
            ],
            [
              -83.13205308194425,
              42.6179554007668
            ],
            [
              -83.13261325995373,
              42.617943052234416
            ],
            [
              -83.1329846276067,
              42.617934859419314
            ],
            [
              -83.13335599996572,
              42.61792666904788
            ],
            [
              -83.1337273710259,
              42.61791847655317
            ],
            [
              -83.13409874562683,
              42.61791028378838
            ],
            [
              -83.13447011283479,
              42.61790208883444
            ],
            [
              -83.13484148480235,
              42.61789389362355
            ],
            [
              -83.13521285912748,
              42.61788569632891
            ],
            [
              -83.13532406462907,
              42.617879624418386
            ],
            [
              -83.13541912906304,
              42.61787443419493
            ],
            [
              -83.13539319025476,
              42.61732593170411
            ],
            [
              -83.13541175031128,
              42.61732533175142
            ],
            [
              -83.13540383420398,
              42.617157914267324
            ],
            [
              -83.13539749273572,
              42.61702382423896
            ],
            [
              -83.1353789351353,
              42.61702442781643
            ],
            [
              -83.1353387268589,
              42.61617427802852
            ],
            [
              -83.13625080311903,
              42.61614466633732
            ],
            [
              -83.13622809911777,
              42.61566472954234
            ],
            [
              -83.13620539837511,
              42.61518483056861
            ],
            [
              -83.1357599882329,
              42.615199295800814
            ],
            [
              -83.13529334231866,
              42.6152144392645
            ],
            [
              -83.13519432632667,
              42.61521765263123
            ],
            [
              -83.13518574922264,
              42.61504167523882
            ],
            [
              -83.13515367026488,
              42.614383528122424
            ],
            [
              -83.1351456381771,
              42.614218881579774
            ],
            [
              -83.13511362325255,
              42.6135599445506
            ],
            [
              -83.13509125728702,
              42.6131044211672
            ],
            [
              -83.13606830138527,
              42.61310330813001
            ],
            [
              -83.13708596459216,
              42.613104035816455
            ],
            [
              -83.13896170458011,
              42.613105351341396
            ],
            [
              -83.14007410147798,
              42.61310611652686
            ],
            [
              -83.14984663942532,
              42.61307866136243
            ],
            [
              -83.15007151700111,
              42.61307801954591
            ],
            [
              -83.15008330598906,
              42.613077698793326
            ],
            [
              -83.15019403666409,
              42.61307468310356
            ],
            [
              -83.15029427227897,
              42.61307195777213
            ],
            [
              -83.15083514572883,
              42.61305724511036
            ],
            [
              -83.15296281157083,
              42.612999341480204
            ],
            [
              -83.15490590574656,
              42.61294642656521
            ],
            [
              -83.15490670788795,
              42.61296306325719
            ],
            [
              -83.15563812406903,
              42.61294177464385
            ],
            [
              -83.15585817955831,
              42.612935698532596
            ],
            [
              -83.15653068118797,
              42.61291787773654
            ],
            [
              -83.15723261595515,
              42.61289986379088
            ],
            [
              -83.15745648878081,
              42.61289392054346
            ],
            [
              -83.15810429177903,
              42.61287596349373
            ],
            [
              -83.15875582238817,
              42.61285804767316
            ],
            [
              -83.1589786557338,
              42.61285263515083
            ],
            [
              -83.15973543287758,
              42.612831175719926
            ],
            [
              -83.15975420313625,
              42.613187635389146
            ],
            [
              -83.15977152983244,
              42.6135166741021
            ],
            [
              -83.15978885540585,
              42.613845717290374
            ],
            [
              -83.15981054338457,
              42.61425763496485
            ],
            [
              -83.15981250137973,
              42.614294803418794
            ],
            [
              -83.15982116074771,
              42.6144593227103
            ],
            [
              -83.15982293850223,
              42.61449309123505
            ],
            [
              -83.15983979089796,
              42.614813065282945
            ],
            [
              -83.15984792326726,
              42.614967499272055
            ],
            [
              -83.15985134055767,
              42.6150324255632
            ],
            [
              -83.15986289641016,
              42.61525178500211
            ],
            [
              -83.15986453046939,
              42.61528284727192
            ],
            [
              -83.15987444506645,
              42.61547114255754
            ],
            [
              -83.15988041367743,
              42.61558444245151
            ],
            [
              -83.15988599860948,
              42.615690503759645
            ],
            [
              -83.15989629505201,
              42.61588607721582
            ],
            [
              -83.15989754746367,
              42.615909859503354
            ],
            [
              -83.1599121787562,
              42.6161877254981
            ],
            [
              -83.15991745385928,
              42.61628789775934
            ],
            [
              -83.1599289209851,
              42.61650557161792
            ],
            [
              -83.16030028904675,
              42.616496011413645
            ],
            [
              -83.16048715428064,
              42.61649120013971
            ],
            [
              -83.1606864502759,
              42.61648606719194
            ],
            [
              -83.16110071230241,
              42.61647539875234
            ],
            [
              -83.16117834596967,
              42.61647340165114
            ],
            [
              -83.16129987884656,
              42.616470271467364
            ],
            [
              -83.16142392912838,
              42.61646707413357
            ],
            [
              -83.16146682691725,
              42.61646597096763
            ],
            [
              -83.1621160826113,
              42.616449244119416
            ],
            [
              -83.16213484093005,
              42.61644876166637
            ],
            [
              -83.16267368660775,
              42.61643469772807
            ],
            [
              -83.1631563663898,
              42.61642222884005
            ],
            [
              -83.1633791275249,
              42.6164165178031
            ],
            [
              -83.16386185588068,
              42.61640410406754
            ],
            [
              -83.16394410200176,
              42.61640199168942
            ],
            [
              -83.16416993664564,
              42.61639619359006
            ],
            [
              -83.16449704268776,
              42.61638779415164
            ],
            [
              -83.16452267488769,
              42.616387137100666
            ],
            [
              -83.16487541421105,
              42.61637808133296
            ],
            [
              -83.16523686650997,
              42.61636786028948
            ],
            [
              -83.1657752615942,
              42.61635400114855
            ],
            [
              -83.16599686637161,
              42.61634829622795
            ],
            [
              -83.166063386229,
              42.61634658300165
            ],
            [
              -83.16610052388738,
              42.61634661311969
            ],
            [
              -83.16662816586935,
              42.61633342002011
            ],
            [
              -83.16733343624752,
              42.61631578469012
            ],
            [
              -83.16806826654512,
              42.6162974015034
            ],
            [
              -83.16855030677989,
              42.61628534425646
            ],
            [
              -83.16943038580563,
              42.61626332521076
            ],
            [
              -83.16958634372838,
              42.616259422313284
            ],
            [
              -83.16970887274518,
              42.6162563566609
            ],
            [
              -83.1697132827846,
              42.61634168284597
            ],
            [
              -83.1699359515702,
              42.61633545382556
            ],
            [
              -83.16995011800847,
              42.61660965764593
            ],
            [
              -83.16996427962718,
              42.61688386500706
            ],
            [
              -83.1699784438257,
              42.61715807148477
            ],
            [
              -83.1699919016,
              42.61741856953873
            ],
            [
              -83.17003256882585,
              42.61748607436624
            ],
            [
              -83.17066372116147,
              42.61746828575387
            ],
            [
              -83.17088718561446,
              42.617475718259335
            ],
            [
              -83.17090135645525,
              42.617749924632676
            ],
            [
              -83.17091552618479,
              42.618024131884525
            ],
            [
              -83.17093181990798,
              42.618339468890696
            ],
            [
              -83.17152585161912,
              42.618322722111984
            ],
            [
              -83.17152310605961,
              42.618007009558674
            ],
            [
              -83.17152298747949,
              42.617993454083404
            ],
            [
              -83.17152099554184,
              42.61776366942503
            ],
            [
              -83.17152072597291,
              42.617732473136485
            ],
            [
              -83.17151858836567,
              42.61748699162247
            ],
            [
              -83.17151833624321,
              42.61745793210393
            ],
            [
              -83.17147265138298,
              42.617214667188584
            ],
            [
              -83.1714670381233,
              42.61718476902946
            ],
            [
              -83.171421611553,
              42.6169428645558
            ],
            [
              -83.17141573676298,
              42.61691160768696
            ],
            [
              -83.17140314416754,
              42.61666781906412
            ],
            [
              -83.17140152971858,
              42.61663740099808
            ],
            [
              -83.17138736063406,
              42.61636319199607
            ],
            [
              -83.17137106113354,
              42.616047872061706
            ],
            [
              -83.17136256012475,
              42.61588334395209
            ],
            [
              -83.1717709352672,
              42.61587183315388
            ],
            [
              -83.17214218888964,
              42.615861363467644
            ],
            [
              -83.17215069925365,
              42.616025892496204
            ],
            [
              -83.17216632939268,
              42.61632828759564
            ],
            [
              -83.172166539073,
              42.61633222172698
            ],
            [
              -83.17216683331854,
              42.61633746498815
            ],
            [
              -83.1721670649373,
              42.6163413993494
            ],
            [
              -83.17216730512226,
              42.61634533199961
            ],
            [
              -83.17216764204322,
              42.61635057480765
            ],
            [
              -83.17216799482588,
              42.61635581688154
            ],
            [
              -83.17216836467178,
              42.616361059134185
            ],
            [
              -83.17216875283432,
              42.61636629977808
            ],
            [
              -83.1721691568414,
              42.61637154058796
            ],
            [
              -83.1721694714426,
              42.61637547041656
            ],
            [
              -83.17216979459272,
              42.616379399434344
            ],
            [
              -83.17217024130979,
              42.6163846379907
            ],
            [
              -83.17217070388867,
              42.616389875812885
            ],
            [
              -83.17217118476691,
              42.61639511292648
            ],
            [
              -83.17217168272575,
              42.61640034931869
            ],
            [
              -83.17217206566654,
              42.61640427536151
            ],
            [
              -83.17217246079542,
              42.61640820153208
            ],
            [
              -83.17217300024559,
              42.61641343565797
            ],
            [
              -83.17217341612874,
              42.61641736024529
            ],
            [
              -83.17217384177968,
              42.616421284034594
            ],
            [
              -83.17217442393999,
              42.616426515906866
            ],
            [
              -83.17217502197937,
              42.616431746144855
            ],
            [
              -83.17217563833546,
              42.616436974774004
            ],
            [
              -83.17217627299094,
              42.61644220269457
            ],
            [
              -83.17217675723118,
              42.61644612259592
            ],
            [
              -83.17217725365951,
              42.61645004262504
            ],
            [
              -83.17217792858759,
              42.61645526826648
            ],
            [
              -83.17217861939483,
              42.61646049227357
            ],
            [
              -83.1721793297376,
              42.61646571468463
            ],
            [
              -83.17217987133108,
              42.6164696315855
            ],
            [
              -83.17218042514719,
              42.61647354681372
            ],
            [
              -83.1721811757799,
              42.61647876604547
            ],
            [
              -83.17218194349324,
              42.61648398455581
            ],
            [
              -83.17218253150527,
              42.61648789654089
            ],
            [
              -83.17218312804903,
              42.616491808615336
            ],
            [
              -83.17218393850729,
              42.61649702307174
            ],
            [
              -83.17218476482734,
              42.616502236794
            ],
            [
              -83.17218561068302,
              42.61650744892021
            ],
            [
              -83.17218625362806,
              42.61651135697905
            ],
            [
              -83.17218690879581,
              42.616515263365166
            ],
            [
              -83.17218779495877,
              42.61652047141186
            ],
            [
              -83.17218869700095,
              42.61652567782421
            ],
            [
              -83.17218961734261,
              42.61653088352795
            ],
            [
              -83.17219055481677,
              42.616536085809706
            ],
            [
              -83.1721912698275,
              42.6165399865203
            ],
            [
              -83.17260272954883,
              42.616498706242815
            ],
            [
              -83.17297260489846,
              42.61646159981841
            ],
            [
              -83.17318005563573,
              42.616717708224456
            ],
            [
              -83.17335736885867,
              42.616712706511805
            ],
            [
              -83.17354464833413,
              42.616707422584376
            ],
            [
              -83.17379604933406,
              42.61670032437927
            ],
            [
              -83.1740087229729,
              42.616694331237504
            ],
            [
              -83.17435502817656,
              42.61668456385456
            ],
            [
              -83.17441433857626,
              42.616445963026834
            ],
            [
              -83.17448110165704,
              42.61617761073266
            ],
            [
              -83.17449803735282,
              42.61610953772962
            ],
            [
              -83.17453065129673,
              42.61597844136642
            ],
            [
              -83.17452929603719,
              42.61590981870552
            ],
            [
              -83.17452403718644,
              42.615643592484304
            ],
            [
              -83.17451980661835,
              42.61542953657016
            ],
            [
              -83.17449711831969,
              42.615378023877305
            ],
            [
              -83.17443205702202,
              42.61523030420356
            ],
            [
              -83.17441674573642,
              42.61519554628065
            ],
            [
              -83.17432038619009,
              42.614976769376234
            ],
            [
              -83.17431382470875,
              42.614961867976724
            ],
            [
              -83.17420813137052,
              42.6147218876575
            ],
            [
              -83.1740970557892,
              42.61446969946464
            ],
            [
              -83.17407901154883,
              42.61442872912637
            ],
            [
              -83.17393974674768,
              42.614112524537134
            ],
            [
              -83.17381209161621,
              42.61394972994964
            ],
            [
              -83.17393702390628,
              42.613947904059515
            ],
            [
              -83.17394191372975,
              42.613947818371706
            ],
            [
              -83.17394680153011,
              42.61394771105349
            ],
            [
              -83.17395168847428,
              42.61394758481832
            ],
            [
              -83.17395657457953,
              42.613947438765855
            ],
            [
              -83.17396308833128,
              42.6139472143056
            ],
            [
              -83.17396959910013,
              42.6139469546991
            ],
            [
              -83.17397610807029,
              42.61394666175961
            ],
            [
              -83.17398098747437,
              42.61394642019641
            ],
            [
              -83.17398586483799,
              42.61394615790296
            ],
            [
              -83.1739907401267,
              42.61394587667978
            ],
            [
              -83.1739956145764,
              42.613945575639406
            ],
            [
              -83.17400210912537,
              42.613945144790264
            ],
            [
              -83.17400859947267,
              42.61394467878223
            ],
            [
              -83.17401508436487,
              42.613944179402935
            ],
            [
              -83.17402156503806,
              42.61394364576487
            ],
            [
              -83.17402642108227,
              42.61394322388045
            ],
            [
              -83.17403127510322,
              42.61394278036565
            ],
            [
              -83.17403774157256,
              42.6139421610425
            ],
            [
              -83.1740442013853,
              42.613941507435165
            ],
            [
              -83.17404904329462,
              42.61394099626485
            ],
            [
              -83.17405387832298,
              42.613940462512915
            ],
            [
              -83.17406032271303,
              42.613939723207736
            ],
            [
              -83.17406515000408,
              42.61393914795723
            ],
            [
              -83.1740699740532,
              42.613938551063605
            ],
            [
              -83.17407639812818,
              42.61393772690978
            ],
            [
              -83.1740828143278,
              42.613936868458985
            ],
            [
              -83.17408762137282,
              42.61393620475904
            ],
            [
              -83.17409242277284,
              42.613935517590065
            ],
            [
              -83.17409881743856,
              42.6139345742779
            ],
            [
              -83.17410520299283,
              42.61393359755624
            ],
            [
              -83.17411157821694,
              42.61393258741222
            ],
            [
              -83.17411794434683,
              42.61393154295856
            ],
            [
              -83.1741242989277,
              42.61393046506985
            ],
            [
              -83.17412905916223,
              42.613929636109944
            ],
            [
              -83.174133810061,
              42.61392878544316
            ],
            [
              -83.17414013943433,
              42.61392762355503
            ],
            [
              -83.17414645602264,
              42.6139264291193
            ],
            [
              -83.17415276109648,
              42.613925199448225
            ],
            [
              -83.174159053368,
              42.613923938129716
            ],
            [
              -83.17416376627403,
              42.613922970915944
            ],
            [
              -83.17416846982694,
              42.61392198289555
            ],
            [
              -83.17417473079699,
              42.6139206375139
            ],
            [
              -83.174180978982,
              42.61391925958472
            ],
            [
              -83.17418565576325,
              42.61391820555616
            ],
            [
              -83.17419032562893,
              42.61391713074648
            ],
            [
              -83.17419653882156,
              42.61391567051635
            ],
            [
              -83.17420118998089,
              42.61391455409328
            ],
            [
              -83.17420583176983,
              42.61391341776379
            ],
            [
              -83.17421200997006,
              42.61391187523269
            ],
            [
              -83.17421817051024,
              42.61391030010297
            ],
            [
              -83.1742243182652,
              42.6139086924257
            ],
            [
              -83.1742289178872,
              42.61390746651713
            ],
            [
              -83.17423350813876,
              42.61390622070212
            ],
            [
              -83.17423809018683,
              42.61390495769394
            ],
            [
              -83.17424266164578,
              42.61390367476659
            ],
            [
              -83.17424722484942,
              42.61390237734674
            ],
            [
              -83.17425177751568,
              42.61390105730709
            ],
            [
              -83.17425783358956,
              42.6138992721956
            ],
            [
              -83.1742623650601,
              42.61389791321771
            ],
            [
              -83.17426688594145,
              42.6138965343206
            ],
            [
              -83.1742713961645,
              42.61389513910512
            ],
            [
              -83.17427589579837,
              42.61389372397048
            ],
            [
              -83.1742818811797,
              42.61389181116545
            ],
            [
              -83.17428784642875,
              42.613889867536756
            ],
            [
              -83.17429379278161,
              42.613887892196956
            ],
            [
              -83.17429972025543,
              42.61388588424594
            ],
            [
              -83.17430415372648,
              42.61388435947277
            ],
            [
              -83.17430857415354,
              42.613882815655124
            ],
            [
              -83.1743144519406,
              42.61388072885099
            ],
            [
              -83.17432030956083,
              42.61387861302364
            ],
            [
              -83.17432614582995,
              42.613876466359926
            ],
            [
              -83.1743319619841,
              42.61387428797239
            ],
            [
              -83.17433631015453,
              42.61387263445254
            ],
            [
              -83.17434064526364,
              42.6138709627884
            ],
            [
              -83.17434651366396,
              42.613868666097325
            ],
            [
              -83.17435267645236,
              42.61386621041809
            ],
            [
              -83.17435728343145,
              42.61386434621618
            ],
            [
              -83.17436187376201,
              42.61386246023096
            ],
            [
              -83.1743679723936,
              42.613859917443875
            ],
            [
              -83.17437404366662,
              42.61385733925573
            ],
            [
              -83.17438008878247,
              42.613854726579476
            ],
            [
              -83.17438610528644,
              42.613852080289746
            ],
            [
              -83.17439209561596,
              42.61384940041207
            ],
            [
              -83.1743980573681,
              42.61384668512056
            ],
            [
              -83.1744039892723,
              42.61384393710306
            ],
            [
              -83.17440989380056,
              42.61384115458469
            ],
            [
              -83.1744157696997,
              42.61383833935306
            ],
            [
              -83.17442161454933,
              42.613835490482536
            ],
            [
              -83.174427429551,
              42.61383260888602
            ],
            [
              -83.17443321472199,
              42.613829693663384
            ],
            [
              -83.17443753570265,
              42.6138274870256
            ],
            [
              -83.17444183634393,
              42.61382526036673
            ],
            [
              -83.17444754506687,
              42.61382226331009
            ],
            [
              -83.17445322148707,
              42.61381923440215
            ],
            [
              -83.17445886804204,
              42.61381617366842
            ],
            [
              -83.17446448109277,
              42.61381308017056
            ],
            [
              -83.17446867052844,
              42.6138107407011
            ],
            [
              -83.17447283962474,
              42.61380838121058
            ],
            [
              -83.17447837251929,
              42.61380520854104
            ],
            [
              -83.17448387065637,
              42.613802004895
            ],
            [
              -83.17448933525468,
              42.613798770285214
            ],
            [
              -83.17449476631417,
              42.613795504711604
            ],
            [
              -83.17450016383489,
              42.61379220817424
            ],
            [
              -83.17450552658086,
              42.613788881560545
            ],
            [
              -83.17450952676451,
              42.613786367238376
            ],
            [
              -83.174513504154,
              42.61378383376976
            ],
            [
              -83.17451877936219,
              42.61378043150884
            ],
            [
              -83.17452401859417,
              42.61377699825866
            ],
            [
              -83.17452792519805,
              42.613774405524886
            ],
            [
              -83.1745318089905,
              42.61377179454493
            ],
            [
              -83.17453567601349,
              42.61376916808308
            ],
            [
              -83.1745395189891,
              42.61376652426248
            ],
            [
              -83.17454461297635,
              42.61376297334402
            ],
            [
              -83.17454841032901,
              42.613760293030985
            ],
            [
              -83.17455218365156,
              42.61375759445905
            ],
            [
              -83.17455593895141,
              42.613754882192836
            ],
            [
              -83.17455967022106,
              42.61375215166768
            ],
            [
              -83.17456461398501,
              42.61374848843116
            ],
            [
              -83.17456951809915,
              42.613744795067376
            ],
            [
              -83.17457438613343,
              42.61374107611556
            ],
            [
              -83.17457801160124,
              42.613738268851826
            ],
            [
              -83.17458161302153,
              42.6137354442294
            ],
            [
              -83.17458638119257,
              42.613731656704594
            ],
            [
              -83.1745911084432,
              42.61372784174036
            ],
            [
              -83.17459463167917,
              42.61372496227741
            ],
            [
              -83.17459812837836,
              42.61372206813078
            ],
            [
              -83.17460160583616,
              42.61371916027724
            ],
            [
              -83.17460505680906,
              42.61371623503949
            ],
            [
              -83.17460962516715,
              42.613712314869716
            ],
            [
              -83.17461415258771,
              42.61370836816078
            ],
            [
              -83.1746186378347,
              42.61370439580013
            ],
            [
              -83.17462197557239,
              42.613701400048804
            ],
            [
              -83.17462528799217,
              42.6136983896266
            ],
            [
              -83.17462966961611,
              42.61369435405597
            ],
            [
              -83.1746340090492,
              42.61369029373384
            ],
            [
              -83.1746383062915,
              42.61368620866021
            ],
            [
              -83.17464256008972,
              42.61368210062271
            ],
            [
              -83.17464572424083,
              42.61367900311379
            ],
            [
              -83.17464886063658,
              42.6136758909085
            ],
            [
              -83.17465197652037,
              42.613672767684164
            ],
            [
              -83.17465506464876,
              42.61366962976344
            ],
            [
              -83.17465812984497,
              42.61366647989797
            ],
            [
              -83.17466116850451,
              42.61366331534888
            ],
            [
              -83.17466518465679,
              42.613659076972176
            ],
            [
              -83.17466915491029,
              42.613654816506255
            ],
            [
              -83.17467308173698,
              42.613650532176386
            ],
            [
              -83.17467696263036,
              42.61364622755775
            ],
            [
              -83.17468080007973,
              42.61364189997533
            ],
            [
              -83.1746845904116,
              42.613637550291045
            ],
            [
              -83.17468740567088,
              42.61363427536013
            ],
            [
              -83.1746901919388,
              42.61363098662034
            ],
            [
              -83.17469386990948,
              42.61362658443937
            ],
            [
              -83.17469750074535,
              42.613622161056774
            ],
            [
              -83.17470108686678,
              42.6136177173982
            ],
            [
              -83.17470374377993,
              42.61361437238253
            ],
            [
              -83.17470637777822,
              42.6136110145219
            ],
            [
              -83.17470984539298,
              42.613606521003575
            ],
            [
              -83.174713268276,
              42.61360200810948
            ],
            [
              -83.17471664278827,
              42.61359747490126
            ],
            [
              -83.1747199700968,
              42.613592924092195
            ],
            [
              -83.17472243594727,
              42.61358949874549
            ],
            [
              -83.17474948973685,
              42.61355162110814
            ],
            [
              -83.17480995494434,
              42.61346698888075
            ],
            [
              -83.17481330835655,
              42.613462347404194
            ],
            [
              -83.17481670045753,
              42.61345772253882
            ],
            [
              -83.17481927056336,
              42.613454263165735
            ],
            [
              -83.17482186363527,
              42.613450813936765
            ],
            [
              -83.17482535371128,
              42.61344622881177
            ],
            [
              -83.17482888369472,
              42.613441660310706
            ],
            [
              -83.17483155537994,
              42.61343824341666
            ],
            [
              -83.17483424999669,
              42.613434838467235
            ],
            [
              -83.17483787671912,
              42.61343031059395
            ],
            [
              -83.1748406209241,
              42.61342692597109
            ],
            [
              -83.17484338809508,
              42.61342355149247
            ],
            [
              -83.17484711028595,
              42.61341906693471
            ],
            [
              -83.17484992579185,
              42.6134157145703
            ],
            [
              -83.17485276426376,
              42.61341237235011
            ],
            [
              -83.17485658190577,
              42.61340793200803
            ],
            [
              -83.17486043578167,
              42.613403509151894
            ],
            [
              -83.17486432832898,
              42.61339910380706
            ],
            [
              -83.17486825831169,
              42.61339471686102
            ],
            [
              -83.17487222572981,
              42.613390348313764
            ],
            [
              -83.17487622814578,
              42.613385998139776
            ],
            [
              -83.17488027043464,
              42.6133816663901
            ],
            [
              -83.17488332385533,
              42.61337842995971
            ],
            [
              -83.17488640022482,
              42.613375204573686
            ],
            [
              -83.17488949468526,
              42.61337198928088
            ],
            [
              -83.17489261329604,
              42.613368785945354
            ],
            [
              -83.17489680039965,
              42.6133645304403
            ],
            [
              -83.17490102368536,
              42.613360295121716
            ],
            [
              -83.17490528195171,
              42.613356079076524
            ],
            [
              -83.17490957763617,
              42.6133518823303
            ],
            [
              -83.17491390823224,
              42.61334770845833
            ],
            [
              -83.17491827384343,
              42.61334355205936
            ],
            [
              -83.17492157096166,
              42.61334044782995
            ],
            [
              -83.17492488977543,
              42.61333735643249
            ],
            [
              -83.17492934336985,
              42.61333325227439
            ],
            [
              -83.17493383194491,
              42.61332916738973
            ],
            [
              -83.17493835544879,
              42.6133251044791
            ],
            [
              -83.17494291389879,
              42.61332106264225
            ],
            [
              -83.17494635320428,
              42.613318044533955
            ],
            [
              -83.17494981418805,
              42.61331504015777
            ],
            [
              -83.17495445814932,
              42.613311052336634
            ],
            [
              -83.1749591346191,
              42.61330708556383
            ],
            [
              -83.17496266305758,
              42.613304123309746
            ],
            [
              -83.17496621437566,
              42.61330117570077
            ],
            [
              -83.17496978011131,
              42.61329823904698
            ],
            [
              -83.17497336876119,
              42.613295315237856
            ],
            [
              -83.1750025671159,
              42.613101053296404
            ],
            [
              -83.17534173151532,
              42.61273659347585
            ],
            [
              -83.17562768436709,
              42.61297455256484
            ],
            [
              -83.17567977640003,
              42.61301794659619
            ],
            [
              -83.1758787056672,
              42.61303071793029
            ],
            [
              -83.17624882163356,
              42.61305447968798
            ],
            [
              -83.17651623419935,
              42.61307160355544
            ],
            [
              -83.17668248332389,
              42.61280688368479
            ],
            [
              -83.17687889816207,
              42.61249412300524
            ],
            [
              -83.1768663086452,
              42.612436722410145
            ],
            [
              -83.1768196550549,
              42.61222445756488
            ],
            [
              -83.17679499445707,
              42.612112261146
            ],
            [
              -83.17676685141687,
              42.61198426461829
            ],
            [
              -83.17676524980855,
              42.611951324828105
            ],
            [
              -83.1775003345911,
              42.61193164604176
            ],
            [
              -83.17772308112902,
              42.611925696313584
            ],
            [
              -83.17845660425098,
              42.61190605269987
            ],
            [
              -83.17847006568384,
              42.61218027845503
            ],
            [
              -83.17848149283788,
              42.61241309822434
            ],
            [
              -83.17853360482745,
              42.61241233502737
            ],
            [
              -83.17933207299544,
              42.61240064673523
            ],
            [
              -83.17974926011748,
              42.61239293685107
            ],
            [
              -83.18058218181334,
              42.61237753610549
            ],
            [
              -83.181049696714,
              42.61236889108067
            ],
            [
              -83.18141724043032,
              42.612362423412385
            ],
            [
              -83.18191642128303,
              42.612353651238635
            ],
            [
              -83.18232429902167,
              42.61234648253617
            ],
            [
              -83.182680694283,
              42.61233998678949
            ],
            [
              -83.18272526415444,
              42.61233923606825
            ],
            [
              -83.18306019523621,
              42.612333602022794
            ],
            [
              -83.18339513238517,
              42.61232796525608
            ],
            [
              -83.18373006703598,
              42.61232232747984
            ],
            [
              -83.18406799117673,
              42.61231582116645
            ],
            [
              -83.18449391650331,
              42.61230883106162
            ],
            [
              -83.18470576770872,
              42.6123053531488
            ],
            [
              -83.18613795072177,
              42.61228177277759
            ],
            [
              -83.1861948111642,
              42.61228083557194
            ],
            [
              -83.18665671623188,
              42.6122750518798
            ],
            [
              -83.18700174829877,
              42.61226920560944
            ],
            [
              -83.18731321152275,
              42.612263925730716
            ],
            [
              -83.18808246262019,
              42.61225088344659
            ],
            [
              -83.18832821836902,
              42.612246715765544
            ],
            [
              -83.18892228462337,
              42.61223664022481
            ],
            [
              -83.18914512743535,
              42.61223285797489
            ],
            [
              -83.1892132088266,
              42.613558624215486
            ],
            [
              -83.18923858063661,
              42.61405266821898
            ],
            [
              -83.1892747405926,
              42.61475680742285
            ],
            [
              -83.18949611111547,
              42.61474994432106
            ],
            [
              -83.19083595867993,
              42.614708382306986
            ],
            [
              -83.19120718789775,
              42.61469686267313
            ],
            [
              -83.19157837301718,
              42.614685345878854
            ],
            [
              -83.19194956419507,
              42.6146738225376
            ],
            [
              -83.19232078927593,
              42.61466230284011
            ],
            [
              -83.19269198012765,
              42.61465077978175
            ],
            [
              -83.19306317206059,
              42.61463925552715
            ],
            [
              -83.19343439674576,
              42.61462773130276
            ],
            [
              -83.19380558716773,
              42.614616205518246
            ],
            [
              -83.19417682627082,
              42.61460467542565
            ],
            [
              -83.19454808149946,
              42.614595450141245
            ],
            [
              -83.19491938907595,
              42.61458622148582
            ],
            [
              -83.19529069659309,
              42.6145769889203
            ],
            [
              -83.19566200273032,
              42.614567757833356
            ],
            [
              -83.1960333099761,
              42.61455852554939
            ],
            [
              -83.19640461590977,
              42.6145492911432
            ],
            [
              -83.19677592293499,
              42.61454005644023
            ],
            [
              -83.19714722868196,
              42.61453081781465
            ],
            [
              -83.1975185369254,
              42.614521569002605
            ],
            [
              -83.1989285068797,
              42.61448648002927
            ],
            [
              -83.19895850961544,
              42.6144857321704
            ],
            [
              -83.19908816853292,
              42.61448250364858
            ],
            [
              -83.19908419267142,
              42.61439957213181
            ],
            [
              -83.19906031666157,
              42.61385123432554
            ],
            [
              -83.19889373364529,
              42.61002528137352
            ],
            [
              -83.1988498223413,
              42.60901667643788
            ],
            [
              -83.19877461604617,
              42.60728923130497
            ],
            [
              -83.1986884870066,
              42.605295968054634
            ],
            [
              -83.19868317738923,
              42.60517307330712
            ],
            [
              -83.1986804692405,
              42.605082536646165
            ],
            [
              -83.19867727717119,
              42.60500024512535
            ],
            [
              -83.19865034837194,
              42.60424752445443
            ],
            [
              -83.19863735948384,
              42.60397036061479
            ],
            [
              -83.19854376019163,
              42.60155860299951
            ],
            [
              -83.19853238088423,
              42.601265356928096
            ],
            [
              -83.19852215342124,
              42.601001828610116
            ],
            [
              -83.19868193018844,
              42.600998447672836
            ],
            [
              -83.19878672360463,
              42.60099623174054
            ],
            [
              -83.19879183077502,
              42.60099613191857
            ],
            [
              -83.19879693782708,
              42.600996038397724
            ],
            [
              -83.19880374895641,
              42.60099592992735
            ],
            [
              -83.19881055979833,
              42.60099583675991
            ],
            [
              -83.19881737035291,
              42.600995758895394
            ],
            [
              -83.19882418182176,
              42.60099569724656
            ],
            [
              -83.19883099422167,
              42.600995650913205
            ],
            [
              -83.19883610364458,
              42.60099562584314
            ],
            [
              -83.19884121164611,
              42.60099561156274
            ],
            [
              -83.19884632074782,
              42.60099560359601
            ],
            [
              -83.19885142964671,
              42.60099560643142
            ],
            [
              -83.19885824208194,
              42.60099562312274
            ],
            [
              -83.19886505422984,
              42.60099565511708
            ],
            [
              -83.19887186609043,
              42.60099570241433
            ],
            [
              -83.1988786764114,
              42.600995766802484
            ],
            [
              -83.19888548769732,
              42.60099584470568
            ],
            [
              -83.19889229866213,
              42.600995939712256
            ],
            [
              -83.19889910933964,
              42.60099605002179
            ],
            [
              -83.19890591971293,
              42.60099617653446
            ],
            [
              -83.19891272858042,
              42.60099631833763
            ],
            [
              -83.19891953716058,
              42.60099647544375
            ],
            [
              -83.1989263454366,
              42.600996648753025
            ],
            [
              -83.19893315220679,
              42.60099683735276
            ],
            [
              -83.19893825709856,
              42.600996988704516
            ],
            [
              -83.19894336182135,
              42.60099714905802
            ],
            [
              -83.19895016662952,
              42.60099737725298
            ],
            [
              -83.19895526976204,
              42.6009975573978
            ],
            [
              -83.1989603726918,
              42.600997748344774
            ],
            [
              -83.19896717433633,
              42.60099801522232
            ],
            [
              -83.1989722757096,
              42.600998224160236
            ],
            [
              -83.19897737684634,
              42.60099844570069
            ],
            [
              -83.19898247666319,
              42.60099867262964
            ],
            [
              -83.19898757507563,
              42.60099890944805
            ],
            [
              -83.1989943718819,
              42.600999239300386
            ],
            [
              -83.19900116840088,
              42.600999584455636
            ],
            [
              -83.19900626380189,
              42.60099985185496
            ],
            [
              -83.19901135898324,
              42.60100013095669
            ],
            [
              -83.19901815232178,
              42.60100051569469
            ],
            [
              -83.19902494173455,
              42.601000914798
            ],
            [
              -83.19903173084317,
              42.60100133010451
            ],
            [
              -83.1990385172107,
              42.60100176158916
            ],
            [
              -83.19904360650436,
              42.60100209465137
            ],
            [
              -83.19904869441054,
              42.601002436702856
            ],
            [
              -83.19905547761459,
              42.60100290687006
            ],
            [
              -83.19906225687595,
              42.60100339230282
            ],
            [
              -83.1990673405185,
              42.60100376672313
            ],
            [
              -83.19907242399205,
              42.60100415014523
            ],
            [
              -83.1990791988715,
              42.60100467424801
            ],
            [
              -83.19908597102675,
              42.60100521362883
            ],
            [
              -83.19909274164253,
              42.6010057701005
            ],
            [
              -83.1990995095511,
              42.60100634094995
            ],
            [
              -83.19910458346473,
              42.60100677919534
            ],
            [
              -83.1991096571925,
              42.60100722734261
            ],
            [
              -83.19911641950068,
              42.60100783684966
            ],
            [
              -83.19912148798288,
              42.60100830475087
            ],
            [
              -83.19912655629615,
              42.601008781653846
            ],
            [
              -83.19913366577883,
              42.60100946494584
            ],
            [
              -83.19914089049583,
              42.60101017732947
            ],
            [
              -83.19914630730348,
              42.60101072262876
            ],
            [
              -83.19915172145454,
              42.601011279605416
            ],
            [
              -83.19915713423515,
              42.60101184467111
            ],
            [
              -83.19916254557766,
              42.601012421426574
            ],
            [
              -83.19916795307884,
              42.60101300804657
            ],
            [
              -83.19917336042812,
              42.60101360276804
            ],
            [
              -83.19918056624505,
              42.601014413096074
            ],
            [
              -83.1991877680687,
              42.60101524139013
            ],
            [
              -83.19919496713455,
              42.60101608676253
            ],
            [
              -83.19920216098853,
              42.60101695008849
            ],
            [
              -83.19920935086618,
              42.60101783048033
            ],
            [
              -83.19921653918762,
              42.60101872886321
            ],
            [
              -83.19922372107878,
              42.601019645187186
            ],
            [
              -83.19923089895977,
              42.60102058037739
            ],
            [
              -83.19923807289825,
              42.60102153083308
            ],
            [
              -83.19924524282658,
              42.60102250015505
            ],
            [
              -83.19925061701129,
              42.60102323859253
            ],
            [
              -83.19925598855633,
              42.60102398780718
            ],
            [
              -83.19926135873094,
              42.60102474511088
            ],
            [
              -83.19926672503051,
              42.60102551407947
            ],
            [
              -83.19927387781817,
              42.6010265525526
            ],
            [
              -83.19928102414178,
              42.60102761076726
            ],
            [
              -83.19928816648915,
              42.601028686047755
            ],
            [
              -83.19929530364173,
              42.60102977838171
            ],
            [
              -83.19930243681797,
              42.60103088778144
            ],
            [
              -83.19930956234552,
              42.601032015109844
            ],
            [
              -83.19931490505745,
              42.601032872070924
            ],
            [
              -83.19932024392813,
              42.60103373889644
            ],
            [
              -83.19932735764502,
              42.6010349111213
            ],
            [
              -83.19933446740252,
              42.60103609951185
            ],
            [
              -83.19934157072986,
              42.601037305843526
            ],
            [
              -83.19934689528539,
              42.601038221141245
            ],
            [
              -83.19935221596593,
              42.60103914810378
            ],
            [
              -83.19935930506257,
              42.60104039840679
            ],
            [
              -83.19936462048089,
              42.60104134602342
            ],
            [
              -83.19936992836865,
              42.60104230526747
            ],
            [
              -83.19937700446998,
              42.601043598654066
            ],
            [
              -83.19938407414121,
              42.60104490998174
            ],
            [
              -83.19939113739913,
              42.601046238350314
            ],
            [
              -83.19939819546241,
              42.601047583772385
            ],
            [
              -83.19940524589394,
              42.601048946222804
            ],
            [
              -83.19941229233235,
              42.601050326639324
            ],
            [
              -83.19941933113907,
              42.60105172408434
            ],
            [
              -83.1994246066738,
              42.601052783836046
            ],
            [
              -83.19942987714886,
              42.60105385343977
            ],
            [
              -83.19943514623665,
              42.60105493203273
            ],
            [
              -83.19944040902938,
              42.601056021365466
            ],
            [
              -83.19944742216641,
              42.601057487874336
            ],
            [
              -83.19945442887341,
              42.60105897232441
            ],
            [
              -83.19946142918413,
              42.601060472915115
            ],
            [
              -83.19946667402328,
              42.60106160978243
            ],
            [
              -83.19947191500447,
              42.60106275741441
            ],
            [
              -83.19947715337986,
              42.60106391402317
            ],
            [
              -83.19948238669558,
              42.601065080483934
            ],
            [
              -83.19948761618708,
              42.60106625590901
            ],
            [
              -83.19949284305595,
              42.601067441211036
            ],
            [
              -83.19949980380414,
              42.60106903683362
            ],
            [
              -83.19950675812237,
              42.60107065039728
            ],
            [
              -83.19951370482579,
              42.60107228008922
            ],
            [
              -83.19951891008571,
              42.6010735128884
            ],
            [
              -83.19952411147074,
              42.601074757352514
            ],
            [
              -83.19953103908664,
              42.601076430065746
            ],
            [
              -83.1995362303356,
              42.601077695133974
            ],
            [
              -83.19954135707148,
              42.601078955939826
            ],
            [
              -83.19954802543373,
              42.601080610690445
            ],
            [
              -83.19955468741664,
              42.60108228068159
            ],
            [
              -83.19955967759616,
              42.6010835445899
            ],
            [
              -83.1995646639683,
              42.60108481656227
            ],
            [
              -83.19957130691435,
              42.60108652687421
            ],
            [
              -83.19957628436894,
              42.60108781946331
            ],
            [
              -83.1995812579824,
              42.60108912191692
            ],
            [
              -83.19958788190854,
              42.601090871649404
            ],
            [
              -83.1995944970184,
              42.601092636597556
            ],
            [
              -83.199601105732,
              42.60109441768652
            ],
            [
              -83.1996077068478,
              42.60109621400355
            ],
            [
              -83.19961429913037,
              42.601098026436425
            ],
            [
              -83.1996192386127,
              42.60109939426593
            ],
            [
              -83.19962417420325,
              42.601100774660544
            ],
            [
              -83.19962910480173,
              42.601102161306414
            ],
            [
              -83.19963403034063,
              42.60110355780437
            ],
            [
              -83.19963895207218,
              42.601104962366406
            ],
            [
              -83.19964386876104,
              42.60110637588035
            ],
            [
              -83.19964878165943,
              42.60110779655821
            ],
            [
              -83.19965368826287,
              42.601109227975876
            ],
            [
              -83.19965859227752,
              42.6011106674701
            ],
            [
              -83.19966349001405,
              42.601112116803975
            ],
            [
              -83.19967001279912,
              42.60111406087647
            ],
            [
              -83.19967490041654,
              42.60111552991431
            ],
            [
              -83.19967978300811,
              42.60111700700384
            ],
            [
              -83.1996846605739,
              42.60111849214506
            ],
            [
              -83.19968953184467,
              42.60111998802608
            ],
            [
              -83.19969602176792,
              42.601121994786524
            ],
            [
              -83.19970250165639,
              42.60112401675009
            ],
            [
              -83.19970735409306,
              42.60112554214972
            ],
            [
              -83.19971220632729,
              42.6011270783515
            ],
            [
              -83.19971866355738,
              42.60112913879811
            ],
            [
              -83.19972350205079,
              42.601130692866114
            ],
            [
              -83.19972833424924,
              42.601132257673875
            ],
            [
              -83.19973477005645,
              42.60113435571582
            ],
            [
              -83.19974119581201,
              42.60113646986116
            ],
            [
              -83.1997476127513,
              42.60113859922214
            ],
            [
              -83.19975402089133,
              42.60114074289854
            ],
            [
              -83.19976041897964,
              42.601142902678404
            ],
            [
              -83.19976680825177,
              42.6011450776739
            ],
            [
              -83.19977232909034,
              42.60114696466134
            ],
            [
              -83.19977673755223,
              42.60114844409461
            ],
            [
              -83.20009445801685,
              42.601256204033504
            ],
            [
              -83.2000970001795,
              42.601259265208945
            ],
            [
              -83.20009977850816,
              42.60126221085333
            ],
            [
              -83.20010378465592,
              42.60126597219784
            ],
            [
              -83.20010756883825,
              42.60126909200641
            ],
            [
              -83.20011042479486,
              42.60127121280477
            ],
            [
              -83.2001134118216,
              42.601273233202846
            ],
            [
              -83.20011650903501,
              42.60127516199062
            ],
            [
              -83.20012038419273,
              42.6012773301373
            ],
            [
              -83.2001257673963,
              42.60127999361914
            ],
            [
              -83.20013067119366,
              42.60128209576377
            ],
            [
              -83.20044722128068,
              42.601402813470735
            ],
            [
              -83.20045189849002,
              42.60140458644772
            ],
            [
              -83.2004565832301,
              42.60140634779677
            ],
            [
              -83.20046127424871,
              42.601408099305814
            ],
            [
              -83.20046597403346,
              42.601409838299176
            ],
            [
              -83.20047068007987,
              42.60141156835267
            ],
            [
              -83.2004753948755,
              42.601413286790674
            ],
            [
              -83.20048169092148,
              42.601415561633054
            ],
            [
              -83.20048642079568,
              42.60141725591489
            ],
            [
              -83.20049115820056,
              42.60141893856881
            ],
            [
              -83.20049590190082,
              42.601420610482435
            ],
            [
              -83.20050065311499,
              42.60142227166834
            ],
            [
              -83.200506999338,
              42.60142447049121
            ],
            [
              -83.20051335688257,
              42.60142665052182
            ],
            [
              -83.20051972578243,
              42.60142880995972
            ],
            [
              -83.20052451089349,
              42.601430418369574
            ],
            [
              -83.2005293023337,
              42.6014320142388
            ],
            [
              -83.2005357013904,
              42.601434125364335
            ],
            [
              -83.20054211422243,
              42.60143621682232
            ],
            [
              -83.20054692832251,
              42.60143777420669
            ],
            [
              -83.2005517524073,
              42.60143931908791
            ],
            [
              -83.20055819174061,
              42.60144136219609
            ],
            [
              -83.20056464361394,
              42.60144338652444
            ],
            [
              -83.20057110562398,
              42.601445390247605
            ],
            [
              -83.20057595871464,
              42.601446883203074
            ],
            [
              -83.20058081942038,
              42.60144836002953
            ],
            [
              -83.20058730913324,
              42.60145031631556
            ],
            [
              -83.20059218246347,
              42.60145176986106
            ],
            [
              -83.20059706332444,
              42.60145321177859
            ],
            [
              -83.20060194924534,
              42.60145464384357
            ],
            [
              -83.20060684271382,
              42.60145606338042
            ],
            [
              -83.2006117400237,
              42.60145747305225
            ],
            [
              -83.20061664486428,
              42.601458871096106
            ],
            [
              -83.20062319147152,
              42.60146071811696
            ],
            [
              -83.20062975066931,
              42.6014625436574
            ],
            [
              -83.20063631873462,
              42.60146435128073
            ],
            [
              -83.20064289695344,
              42.60146613739869
            ],
            [
              -83.20064948405668,
              42.60146790469937
            ],
            [
              -83.20065608249814,
              42.60146965230752
            ],
            [
              -83.20066268985781,
              42.60147137929796
            ],
            [
              -83.20066930735408,
              42.60147308568324
            ],
            [
              -83.20067593251619,
              42.601474773238785
            ],
            [
              -83.20068256781488,
              42.60147644018906
            ],
            [
              -83.20068921325027,
              42.60147808653415
            ],
            [
              -83.20069586636829,
              42.601479713149295
            ],
            [
              -83.20070252962299,
              42.60148131915924
            ],
            [
              -83.20070920176201,
              42.601482906351904
            ],
            [
              -83.20071588163428,
              42.60148447111405
            ],
            [
              -83.20072089692836,
              42.60148563348584
            ],
            [
              -83.20072591856837,
              42.60148678241677
            ],
            [
              -83.2007326201013,
              42.60148829697873
            ],
            [
              -83.20073933051854,
              42.601489792723385
            ],
            [
              -83.20074604985378,
              42.60149126785035
            ],
            [
              -83.20075109327259,
              42.60149236027966
            ],
            [
              -83.20075614178498,
              42.60149344105602
            ],
            [
              -83.20076288037755,
              42.60149486415745
            ],
            [
              -83.2007696266358,
              42.601496268429166
            ],
            [
              -83.2007763806274,
              42.601497650270296
            ],
            [
              -83.20078145212015,
              42.601498675457634
            ],
            [
              -83.2007865275386,
              42.60149968627894
            ],
            [
              -83.20079329953512,
              42.6015010178825
            ],
            [
              -83.20080008043277,
              42.60150232976857
            ],
            [
              -83.20080686784512,
              42.601503619211584
            ],
            [
              -83.20081366294004,
              42.601504888924595
            ],
            [
              -83.20082046451597,
              42.601506137994974
            ],
            [
              -83.20082727257281,
              42.60150736642277
            ],
            [
              -83.20083408709375,
              42.601508575108085
            ],
            [
              -83.20084091054949,
              42.60150976227547
            ],
            [
              -83.20084603113203,
              42.601510639400885
            ],
            [
              -83.20085115560653,
              42.60151150396072
            ],
            [
              -83.20085628270378,
              42.60151235864302
            ],
            [
              -83.20086141492831,
              42.601513199871974
            ],
            [
              -83.20086826188758,
              42.60151430354369
            ],
            [
              -83.20087511531096,
              42.601515387472915
            ],
            [
              -83.20088197521518,
              42.6015164507595
            ],
            [
              -83.20088884039865,
              42.60151749249081
            ],
            [
              -83.20089399226849,
              42.60151826098923
            ],
            [
              -83.20089914803027,
              42.60151901692198
            ],
            [
              -83.20090602759663,
              42.60152000657784
            ],
            [
              -83.20091291242534,
              42.60152097557857
            ],
            [
              -83.20091807994717,
              42.6015216893134
            ],
            [
              -83.2009232501424,
              42.60152239047007
            ],
            [
              -83.20093021743891,
              42.601523316195234
            ],
            [
              -83.20093560212678,
              42.601524017744765
            ],
            [
              -83.20094099194192,
              42.60152470584098
            ],
            [
              -83.20094638321191,
              42.601525381346626
            ],
            [
              -83.20095177717212,
              42.60152604337397
            ],
            [
              -83.20095897476506,
              42.60152690662638
            ],
            [
              -83.20096617643551,
              42.6015277474108
            ],
            [
              -83.20097157978626,
              42.601528363614314
            ],
            [
              -83.2009769882642,
              42.6015289663645
            ],
            [
              -83.20098420074622,
              42.601529750534986
            ],
            [
              -83.20098961465523,
              42.60153032362785
            ],
            [
              -83.20099502880059,
              42.60153088411765
            ],
            [
              -83.20100225454796,
              42.60153161079897
            ],
            [
              -83.20100948315434,
              42.601532314999716
            ],
            [
              -83.2010167158382,
              42.6015329967325
            ],
            [
              -83.20102395139793,
              42.60153365508456
            ],
            [
              -83.20103119223674,
              42.60153429188123
            ],
            [
              -83.20103843598514,
              42.601534903496876
            ],
            [
              -83.20104568377728,
              42.60153549444483
            ],
            [
              -83.20105293444517,
              42.60153606201214
            ],
            [
              -83.20106018798887,
              42.601536606198714
            ],
            [
              -83.20106744439155,
              42.6015371279048
            ],
            [
              -83.2010728887871,
              42.60153750502464
            ],
            [
              -83.2010783358897,
              42.601537867765956
            ],
            [
              -83.20108559946496,
              42.6015383319205
            ],
            [
              -83.20109286589907,
              42.60153877359455
            ],
            [
              -83.20110013519208,
              42.601539192788096
            ],
            [
              -83.20110740737773,
              42.60153958770074
            ],
            [
              -83.20111286207468,
              42.60153987038506
            ],
            [
              -83.20111831705847,
              42.60154013776578
            ],
            [
              -83.20112559516431,
              42.60154047691478
            ],
            [
              -83.20113287372578,
              42.60154079175797
            ],
            [
              -83.20114015391063,
              42.60154108500844
            ],
            [
              -83.20114743698807,
              42.60154135397797
            ],
            [
              -83.20115289833075,
              42.60154154218941
            ],
            [
              -83.20115836361578,
              42.60154171513455
            ],
            [
              -83.20116564775611,
              42.60154192739044
            ],
            [
              -83.2011711135641,
              42.60154207242882
            ],
            [
              -83.20117657842357,
              42.60154220305134
            ],
            [
              -83.20118204473772,
              42.60154232108323
            ],
            [
              -83.20118751130488,
              42.60154242561194
            ],
            [
              -83.20119297805766,
              42.60154252023816
            ],
            [
              -83.20119844513097,
              42.60154259776037
            ],
            [
              -83.20120391240673,
              42.60154266447993
            ],
            [
              -83.20120937993549,
              42.60154271769621
            ],
            [
              -83.20121667196966,
              42.60154276886314
            ],
            [
              -83.2012239632239,
              42.60154279661197
            ],
            [
              -83.20122943161299,
              42.60154280391722
            ],
            [
              -83.20123489905343,
              42.60154279680657
            ],
            [
              -83.2012421913873,
              42.60154276694152
            ],
            [
              -83.20124765935063,
              42.6015427319241
            ],
            [
              -83.2012531276176,
              42.60154268070279
            ],
            [
              -83.20126041737545,
              42.60154259318651
            ],
            [
              -83.20126770753804,
              42.60154248406499
            ],
            [
              -83.20127317422816,
              42.601542386907745
            ],
            [
              -83.20127863995283,
              42.60154227623472
            ],
            [
              -83.20128592753935,
              42.601542109461946
            ],
            [
              -83.2012932131273,
              42.601541919258636
            ],
            [
              -83.20130050037231,
              42.60154170566216
            ],
            [
              -83.20130778438342,
              42.601541469522836
            ],
            [
              -83.20131324673504,
              42.60154127868069
            ],
            [
              -83.20131870813793,
              42.601541073422624
            ],
            [
              -83.20132416733995,
              42.60154085553662
            ],
            [
              -83.20132962801347,
              42.60154062415984
            ],
            [
              -83.20133690519825,
              42.6015402970114
            ],
            [
              -83.2013423615373,
              42.60154003677777
            ],
            [
              -83.20134781814619,
              42.601539762140746
            ],
            [
              -83.20135327253725,
              42.60153947577594
            ],
            [
              -83.20135872597962,
              42.60153917499523
            ],
            [
              -83.20136599513634,
              42.60153875592502
            ],
            [
              -83.20137326107589,
              42.60153831341175
            ],
            [
              -83.2013787105042,
              42.60153796667017
            ],
            [
              -83.20138415652984,
              42.60153760638792
            ],
            [
              -83.20139141622066,
              42.60153710708625
            ],
            [
              -83.20139685914715,
              42.60153671705943
            ],
            [
              -83.20140229987274,
              42.6015363144047
            ],
            [
              -83.20140899187005,
              42.60153580209406
            ],
            [
              -83.2014154938464,
              42.60153528423847
            ],
            [
              -83.20142199248745,
              42.601534749241345
            ],
            [
              -83.20142848906244,
              42.60153419441459
            ],
            [
              -83.20143498230223,
              42.60153362244628
            ],
            [
              -83.20144147224053,
              42.60153303153607
            ],
            [
              -83.20144795887731,
              42.601532421683984
            ],
            [
              -83.20145444339735,
              42.601531794702765
            ],
            [
              -83.20145930427333,
              42.601531312285935
            ],
            [
              -83.20146416291458,
              42.60153081904155
            ],
            [
              -83.2014690205059,
              42.60153031678256
            ],
            [
              -83.20147387467763,
              42.601529801883174
            ],
            [
              -83.20148034472253,
              42.601529101822464
            ],
            [
              -83.20148681146581,
              42.601528382819886
            ],
            [
              -83.20149327489077,
              42.60152764577552
            ],
            [
              -83.20149973257712,
              42.60152688976434
            ],
            [
              -83.20150618816355,
              42.60152611572392
            ],
            [
              -83.20151263921308,
              42.60152532362934
            ],
            [
              -83.20151908450711,
              42.6015245134681
            ],
            [
              -83.20152552770122,
              42.601523685277634
            ],
            [
              -83.20153196637527,
              42.60152283813279
            ],
            [
              -83.20153839929382,
              42.601521972921276
            ],
            [
              -83.20154482887712,
              42.60152109056831
            ],
            [
              -83.20154964702304,
              42.601520416832095
            ],
            [
              -83.20155446296802,
              42.601519730467984
            ],
            [
              -83.20155927781231,
              42.60151903778983
            ],
            [
              -83.20156408681693,
              42.60151833154621
            ],
            [
              -83.20156889593949,
              42.601517619000965
            ],
            [
              -83.20157370047455,
              42.601516891102314
            ],
            [
              -83.20158010390273,
              42.60151590853877
            ],
            [
              -83.20158650157548,
              42.60151490790861
            ],
            [
              -83.2015928935095,
              42.6015138883116
            ],
            [
              -83.20159927967113,
              42.60151285154817
            ],
            [
              -83.20160411232808,
              42.601512053706855
            ],
            [
              -83.20160896358303,
              42.6015112389484
            ],
            [
              -83.20161542660736,
              42.60151013274096
            ],
            [
              -83.20162188154025,
              42.601509003040825
            ],
            [
              -83.20162832958341,
              42.60150785076055
            ],
            [
              -83.20163476831661,
              42.601506674975134
            ],
            [
              -83.20163959428103,
              42.60150577892346
            ],
            [
              -83.20164441438881,
              42.60150487020649
            ],
            [
              -83.20165083590601,
              42.60150363752077
            ],
            [
              -83.20165564562014,
              42.6015026980845
            ],
            [
              -83.20166045071302,
              42.601501745095156
            ],
            [
              -83.20166685014007,
              42.601500455459394
            ],
            [
              -83.20167324145882,
              42.601499143231074
            ],
            [
              -83.20167962468614,
              42.601497807510015
            ],
            [
              -83.20168599736809,
              42.60149644917151
            ],
            [
              -83.20169077226241,
              42.601495416639565
            ],
            [
              -83.20169554133383,
              42.601494369641976
            ],
            [
              -83.20170030695186,
              42.60149331180438
            ],
            [
              -83.20170506552846,
              42.60149223948872
            ],
            [
              -83.20170981945004,
              42.60149115542046
            ],
            [
              -83.20171456753174,
              42.601490057786705
            ],
            [
              -83.20171931095845,
              42.60148894840035
            ],
            [
              -83.20172404732682,
              42.60148782543605
            ],
            [
              -83.20172878022493,
              42.60148669253205
            ],
            [
              -83.20173350613213,
              42.60148554244933
            ],
            [
              -83.20173822735059,
              42.601484382414384
            ],
            [
              -83.20174294272923,
              42.601483208814024
            ],
            [
              -83.20174921968848,
              42.60148162530112
            ],
            [
              -83.20175392096719,
              42.60148042364466
            ],
            [
              -83.20175861642292,
              42.60147920752253
            ],
            [
              -83.20176330718989,
              42.601477981448234
            ],
            [
              -83.2017679896968,
              42.60147674088333
            ],
            [
              -83.20177422569282,
              42.60147506691326
            ],
            [
              -83.2017788940998,
              42.60147379829228
            ],
            [
              -83.20178355666698,
              42.601472516105865
            ],
            [
              -83.20178821334369,
              42.601471223054624
            ],
            [
              -83.20179286419742,
              42.60146991553766
            ],
            [
              -83.20179905430541,
              42.60146815376121
            ],
            [
              -83.20180523263252,
              42.60146637025507
            ],
            [
              -83.20181140039736,
              42.60146456503175
            ],
            [
              -83.20181755517969,
              42.60146273716614
            ],
            [
              -83.20182216359866,
              42.60146135268272
            ],
            [
              -83.20182676495932,
              42.60145995462141
            ],
            [
              -83.20183289028944,
              42.601458072431626
            ],
            [
              -83.20183900262019,
              42.6014561684998
            ],
            [
              -83.20184357920051,
              42.60145472696673
            ],
            [
              -83.2018481463023,
              42.60145327093065
            ],
            [
              -83.20185422796224,
              42.60145131266224
            ],
            [
              -83.20186029662283,
              42.6014493326517
            ],
            [
              -83.20186483892743,
              42.60144783404407
            ],
            [
              -83.20186937417357,
              42.60144632185856
            ],
            [
              -83.20187404458554,
              42.6014447507296
            ],
            [
              -83.20187877908495,
              42.60144314153957
            ],
            [
              -83.20188350530732,
              42.60144151875913
            ],
            [
              -83.20188822203428,
              42.60143988237591
            ],
            [
              -83.20189449838217,
              42.60143768029404
            ],
            [
              -83.20190076051207,
              42.601435456457565
            ],
            [
              -83.20190700603754,
              42.601433208141046
            ],
            [
              -83.20191323736184,
              42.6014309371698
            ],
            [
              -83.2019194533002,
              42.60142864173089
            ],
            [
              -83.20192565260038,
              42.601426323612294
            ],
            [
              -83.20193029229638,
              42.601424570292224
            ],
            [
              -83.20193492127844,
              42.60142280335684
            ],
            [
              -83.20193954316822,
              42.60142102464392
            ],
            [
              -83.20194415434408,
              42.60141923231584
            ],
            [
              -83.20195028834367,
              42.60141682169067
            ],
            [
              -83.2019548805621,
              42.60141500035651
            ],
            [
              -83.20195945966321,
              42.601413163581796
            ],
            [
              -83.2019640328569,
              42.601411316842444
            ],
            [
              -83.2019685929333,
              42.60140945466251
            ],
            [
              -83.20197314590058,
              42.60140758160528
            ],
            [
              -83.2019776869354,
              42.601405694920345
            ],
            [
              -83.20198222211332,
              42.60140379557021
            ],
            [
              -83.20198674412335,
              42.601401883480115
            ],
            [
              -83.2019927592183,
              42.60139931407255
            ],
            [
              -83.20199875643964,
              42.60139672287314
            ],
            [
              -83.20200473702279,
              42.60139410899409
            ],
            [
              -83.20201069851376,
              42.60139147331067
            ],
            [
              -83.20201664336646,
              42.601388814947605
            ],
            [
              -83.2020225679085,
              42.60138613476782
            ],
            [
              -83.20202847581227,
              42.601383431908395
            ],
            [
              -83.20203436462391,
              42.60138070724462
            ],
            [
              -83.20204023432656,
              42.60137796167673
            ],
            [
              -83.20204608497076,
              42.601375192504136
            ],
            [
              -83.20205191770759,
              42.601372403340065
            ],
            [
              -83.20205773016744,
              42.60136959055884
            ],
            [
              -83.20206352351823,
              42.60136675687349
            ],
            [
              -83.20206785721219,
              42.60136461776293
            ],
            [
              -83.20207217773824,
              42.60136246591249
            ],
            [
              -83.20207792212324,
              42.60135957860415
            ],
            [
              -83.20208221875032,
              42.60135740129869
            ],
            [
              -83.20208650229367,
              42.6013552067523
            ],
            [
              -83.20209219649438,
              42.60135226580851
            ],
            [
              -83.20209787035064,
              42.60134930484837
            ],
            [
              -83.20210352635009,
              42.60134632119617
            ],
            [
              -83.20210915958492,
              42.60134331660254
            ],
            [
              -83.20211477249225,
              42.60134029109237
            ],
            [
              -83.20212036507193,
              42.60133724466568
            ],
            [
              -83.20212454574215,
              42.60133494642434
            ],
            [
              -83.2021287144291,
              42.60133263725595
            ],
            [
              -83.20213425315208,
              42.60132953805669
            ],
            [
              -83.20213977153057,
              42.60132641884109
            ],
            [
              -83.20214389714225,
              42.60132406691455
            ],
            [
              -83.2021480095859,
              42.601321702248086
            ],
            [
              -83.20215211126495,
              42.60131932666702
            ],
            [
              -83.20215619854064,
              42.601316939233776
            ],
            [
              -83.20216163070108,
              42.60131373810272
            ],
            [
              -83.20216704006317,
              42.60131051783063
            ],
            [
              -83.20217108424664,
              42.6013080885395
            ],
            [
              -83.20217511400992,
              42.60130564829639
            ],
            [
              -83.20217913300854,
              42.6013031971387
            ],
            [
              -83.20218313638529,
              42.6013007341164
            ],
            [
              -83.20218713019905,
              42.60129826109217
            ],
            [
              -83.20219110964321,
              42.6012957744154
            ],
            [
              -83.2021950782721,
              42.60129327952466
            ],
            [
              -83.20219903131286,
              42.60129077096892
            ],
            [
              -83.20220297355526,
              42.60128825329898
            ],
            [
              -83.20220690019264,
              42.601285722864255
            ],
            [
              -83.20221211894169,
              42.60128233317332
            ],
            [
              -83.20221601799076,
              42.601279779046784
            ],
            [
              -83.20221990143487,
              42.60127721215539
            ],
            [
              -83.2022250613519,
              42.60127377504347
            ],
            [
              -83.20223019606722,
              42.60127031696521
            ],
            [
              -83.20223530918587,
              42.60126684065869
            ],
            [
              -83.20224039706919,
              42.60126334518621
            ],
            [
              -83.20224419768128,
              42.6012607108202
            ],
            [
              -83.20224798265463,
              42.60125806548983
            ],
            [
              -83.20225301170588,
              42.60125452259642
            ],
            [
              -83.20225676787241,
              42.60125185356176
            ],
            [
              -83.20226050840023,
              42.60124917356276
            ],
            [
              -83.20226547494713,
              42.60124558411123
            ],
            [
              -83.20227041746026,
              42.60124197640648
            ],
            [
              -83.20227522722777,
              42.60123842857034
            ],
            [
              -83.20227879416949,
              42.601235776509284
            ],
            [
              -83.20228234789272,
              42.60123311440899
            ],
            [
              -83.20228706412017,
              42.60122955031029
            ],
            [
              -83.20229058656588,
              42.60122686628129
            ],
            [
              -83.20229409337288,
              42.6012241712879
            ],
            [
              -83.20229850454375,
              42.601220757134826
            ],
            [
              -83.20230124529093,
              42.601218619746795
            ],
            [
              -83.20230397642464,
              42.6012164750575
            ],
            [
              -83.20230670033138,
              42.601214325792476
            ],
            [
              -83.20230941460781,
              42.60121217012637
            ],
            [
              -83.20231212289268,
              42.601210008996766
            ],
            [
              -83.20231482031188,
              42.60120784235385
            ],
            [
              -83.20231840406964,
              42.60120494286142
            ],
            [
              -83.20232197215506,
              42.601202034204995
            ],
            [
              -83.20232464071694,
              42.601199846558536
            ],
            [
              -83.20232729843,
              42.60119765249846
            ],
            [
              -83.20232994771447,
              42.60119545295006
            ],
            [
              -83.20233258735179,
              42.60119324790081
            ],
            [
              -83.20233609648722,
              42.60119029812499
            ],
            [
              -83.20233958751326,
              42.60118733916028
            ],
            [
              -83.20234219705792,
              42.60118511399515
            ],
            [
              -83.2023447969723,
              42.60118288242902
            ],
            [
              -83.2023473896765,
              42.60118064538685
            ],
            [
              -83.20234997029662,
              42.601178402819016
            ],
            [
              -83.20235340112055,
              42.601175404522856
            ],
            [
              -83.20235596369848,
              42.60117314916532
            ],
            [
              -83.20235851662926,
              42.601170888306974
            ],
            [
              -83.20236106113146,
              42.60116862196016
            ],
            [
              -83.20236359596963,
              42.601166351012715
            ],
            [
              -83.20236696295278,
              42.60116331244765
            ],
            [
              -83.2023694773118,
              42.601161028685645
            ],
            [
              -83.20237198327592,
              42.60115873763485
            ],
            [
              -83.2023753092334,
              42.60115567704141
            ],
            [
              -83.20237861953535,
              42.60115260638393
            ],
            [
              -83.20238191540018,
              42.601149525674714
            ],
            [
              -83.20238437551508,
              42.6011472098452
            ],
            [
              -83.20238682599967,
              42.60114488761466
            ],
            [
              -83.20239007963725,
              42.60114178396449
            ],
            [
              -83.20239251082751,
              42.60113945073229
            ],
            [
              -83.20239493238749,
              42.601137111099
            ],
            [
              -83.20239814501629,
              42.60113398452036
            ],
            [
              -83.2024005436264,
              42.60113163384804
            ],
            [
              -83.20240293380792,
              42.60112927768734
            ],
            [
              -83.20240610664646,
              42.60112612819272
            ],
            [
              -83.20240926259402,
              42.60112296952174
            ],
            [
              -83.20241161901056,
              42.601120594108075
            ],
            [
              -83.20241396452774,
              42.601118214981604
            ],
            [
              -83.20241707824803,
              42.60111503336967
            ],
            [
              -83.20242017627915,
              42.60111184349402
            ],
            [
              -83.20242248923292,
              42.60110944602723
            ],
            [
              -83.20242479133799,
              42.60110704214698
            ],
            [
              -83.20242708498076,
              42.601104634578704
            ],
            [
              -83.20242936897633,
              42.60110222150963
            ],
            [
              -83.20243240062862,
              42.60109899674145
            ],
            [
              -83.20243598512673,
              42.601095145560926
            ],
            [
              -83.20243973339409,
              42.60109107456221
            ],
            [
              -83.20244345268642,
              42.60108698886142
            ],
            [
              -83.20244714300374,
              42.60108288845857
            ],
            [
              -83.20244989170153,
              42.60107980485851
            ],
            [
              -83.20245262229,
              42.60107671206964
            ],
            [
              -83.20245623891746,
              42.60107257669954
            ],
            [
              -83.20245982535144,
              42.601068426614965
            ],
            [
              -83.2024633827767,
              42.601064263628714
            ],
            [
              -83.20246691002527,
              42.60106008502778
            ],
            [
              -83.20247040702971,
              42.601055894412895
            ],
            [
              -83.2024738750592,
              42.60105168909598
            ],
            [
              -83.20247731162617,
              42.60104747175272
            ],
            [
              -83.2024798706331,
              42.60104429977845
            ],
            [
              -83.20248241029536,
              42.601041119503165
            ],
            [
              -83.2024849354532,
              42.60103793277701
            ],
            [
              -83.20248744126638,
              42.60103473774986
            ],
            [
              -83.20249075697505,
              42.60103046604962
            ],
            [
              -83.20249322530043,
              42.60102725533306
            ],
            [
              -83.20249567306256,
              42.60102403630303
            ],
            [
              -83.20249810753886,
              42.60102081083465
            ],
            [
              -83.20250052023349,
              42.60101757704034
            ],
            [
              -83.20250291842369,
              42.60101433679521
            ],
            [
              -83.20272265571518,
              42.60105914102604
            ],
            [
              -83.20346975442736,
              42.60133494573248
            ],
            [
              -83.20345330233003,
              42.6008971201915
            ],
            [
              -83.20343877036981,
              42.600511012619066
            ],
            [
              -83.20342644974967,
              42.60018366059175
            ],
            [
              -83.20342099417951,
              42.6000387694512
            ],
            [
              -83.20341537939058,
              42.59988955580333
            ],
            [
              -83.20340657004863,
              42.59965545409149
            ],
            [
              -83.20340569615541,
              42.59963226062106
            ],
            [
              -83.20339521117147,
              42.59935384895184
            ],
            [
              -83.20339207590771,
              42.5992704831187
            ],
            [
              -83.20338067765137,
              42.598967602638666
            ],
            [
              -83.20337245519215,
              42.598749181451154
            ],
            [
              -83.20336507455991,
              42.59855299811066
            ],
            [
              -83.20336418997601,
              42.59852953081545
            ],
            [
              -83.20335149486165,
              42.59819214025675
            ],
            [
              -83.20334823585317,
              42.59810555792459
            ],
            [
              -83.20333134047597,
              42.59767973054375
            ],
            [
              -83.20333051570799,
              42.597643879253376
            ],
            [
              -83.20332899999029,
              42.597562676422946
            ],
            [
              -83.20332812467251,
              42.59751577976458
            ],
            [
              -83.20326753946232,
              42.59751664143009
            ],
            [
              -83.20326269403746,
              42.597516706306465
            ],
            [
              -83.20325785211483,
              42.59751658394122
            ],
            [
              -83.20325302464366,
              42.59751627534653
            ],
            [
              -83.2032482262451,
              42.59751578067162
            ],
            [
              -83.20324425754556,
              42.59751523234214
            ],
            [
              -83.20324032672325,
              42.59751454844321
            ],
            [
              -83.20323489990433,
              42.597513380176586
            ],
            [
              -83.20322957366953,
              42.59751198154141
            ],
            [
              -83.20322584523394,
              42.59751083691762
            ],
            [
              -83.2032214734948,
              42.59750929316373
            ],
            [
              -83.20321650694792,
              42.597507298553225
            ],
            [
              -83.20321172387276,
              42.59750507261969
            ],
            [
              -83.20320648955145,
              42.59750227844633
            ],
            [
              -83.20320212766003,
              42.59749962193359
            ],
            [
              -83.20319857445855,
              42.597497187966
            ],
            [
              -83.20319465914204,
              42.597494176764634
            ],
            [
              -83.20319098572098,
              42.597491003265034
            ],
            [
              -83.20318759328627,
              42.597487662464204
            ],
            [
              -83.20318489224663,
              42.597484690671926
            ],
            [
              -83.20318242848715,
              42.5974816078556
            ],
            [
              -83.20318016121006,
              42.59747844511162
            ],
            [
              -83.20317846061543,
              42.59747573833926
            ],
            [
              -83.20317690956266,
              42.59747298537408
            ],
            [
              -83.20317528482161,
              42.597469611300845
            ],
            [
              -83.20317347425886,
              42.59746503063378
            ],
            [
              -83.20317224041824,
              42.597460955561296
            ],
            [
              -83.20317145831203,
              42.59745742262279
            ],
            [
              -83.20317092528876,
              42.597453864316066
            ],
            [
              -83.20317066900562,
              42.597450886873226
            ],
            [
              -83.20316337412599,
              42.59715647838106
            ],
            [
              -83.20315534520797,
              42.59683147587772
            ],
            [
              -83.20315525510166,
              42.59682788877947
            ],
            [
              -83.20314959691586,
              42.596598893637825
            ],
            [
              -83.20349291456708,
              42.596594247660086
            ],
            [
              -83.2034828517789,
              42.596187175399756
            ],
            [
              -83.20362918366872,
              42.59618510990821
            ],
            [
              -83.20331067790401,
              42.595603257513694
            ],
            [
              -83.20329081145259,
              42.595431589790664
            ],
            [
              -83.20308890685101,
              42.595062731343305
            ],
            [
              -83.20319270741432,
              42.59499154368975
            ],
            [
              -83.20318639022912,
              42.5948675565871
            ],
            [
              -83.20318226082017,
              42.59480316308655
            ],
            [
              -83.20316361675785,
              42.59443079973646
            ],
            [
              -83.20313987645112,
              42.59395675671451
            ],
            [
              -83.2031366716341,
              42.593892712087545
            ],
            [
              -83.20311635343874,
              42.59349684901299
            ],
            [
              -83.2029901512442,
              42.59334963880382
            ],
            [
              -83.20276757265276,
              42.59308977724587
            ],
            [
              -83.20268319426258,
              42.59292788836065
            ],
            [
              -83.20296900850636,
              42.592752667486224
            ],
            [
              -83.20325484200333,
              42.592577438001925
            ],
            [
              -83.20328913843423,
              42.59255640886728
            ],
            [
              -83.20296899964939,
              42.59227131979668
            ],
            [
              -83.20264885660676,
              42.59198622344354
            ],
            [
              -83.20297182249352,
              42.59178822547545
            ],
            [
              -83.20328621420111,
              42.5915954827675
            ],
            [
              -83.20360060269167,
              42.59140274187704
            ],
            [
              -83.20388457981342,
              42.59122822032493
            ],
            [
              -83.20388967627734,
              42.59122506431271
            ],
            [
              -83.20389348362734,
              42.59122268477022
            ],
            [
              -83.20389727302212,
              42.59122028793734
            ],
            [
              -83.2039010516032,
              42.591217882890646
            ],
            [
              -83.20390481339683,
              42.59121546326652
            ],
            [
              -83.20390980791737,
              42.591212219777404
            ],
            [
              -83.20391374335348,
              42.59120963715713
            ],
            [
              -83.20391776319944,
              42.5912069716635
            ],
            [
              -83.20392309901429,
              42.59120339671857
            ],
            [
              -83.2039270816807,
              42.5912006993323
            ],
            [
              -83.20393104390457,
              42.5911979873313
            ],
            [
              -83.20393630167173,
              42.59119435036401
            ],
            [
              -83.2039415282164,
              42.59119068876788
            ],
            [
              -83.20394542801223,
              42.59118792660885
            ],
            [
              -83.20394930856708,
              42.59118515074778
            ],
            [
              -83.20395445461064,
              42.5911814280047
            ],
            [
              -83.20395956941486,
              42.59117768153291
            ],
            [
              -83.20396465177835,
              42.59117391041981
            ],
            [
              -83.20396844342146,
              42.59117106702333
            ],
            [
              -83.20397221338699,
              42.591168209899934
            ],
            [
              -83.20397721398055,
              42.59116438032807
            ],
            [
              -83.2039821821333,
              42.59116052611494
            ],
            [
              -83.20398588594847,
              42.5911576223971
            ],
            [
              -83.20398957055632,
              42.591154703176834
            ],
            [
              -83.20399445446891,
              42.59115079228057
            ],
            [
              -83.20399930347041,
              42.59114685851852
            ],
            [
              -83.20400292069279,
              42.59114389359163
            ],
            [
              -83.2040065150193,
              42.591140914925454
            ],
            [
              -83.2040100937261,
              42.59113792439493
            ],
            [
              -83.20401365075527,
              42.59113492013748
            ],
            [
              -83.20401718971141,
              42.59113190489107
            ],
            [
              -83.20402070695631,
              42.59112887771821
            ],
            [
              -83.2040242073968,
              42.59112583686819
            ],
            [
              -83.20402768614296,
              42.591122783191466
            ],
            [
              -83.20403114559768,
              42.591119718513326
            ],
            [
              -83.2040345858114,
              42.591116640133194
            ],
            [
              -83.2040380067169,
              42.59111355165187
            ],
            [
              -83.20404140472655,
              42.59111044943123
            ],
            [
              -83.2040447858645,
              42.59110733713421
            ],
            [
              -83.20404814532493,
              42.591104211110334
            ],
            [
              -83.20405259324853,
              42.59110002565139
            ],
            [
              -83.204057003774,
              42.59109582000243
            ],
            [
              -83.20406138179145,
              42.5910915933131
            ],
            [
              -83.20406571999102,
              42.591087345508754
            ],
            [
              -83.20407002321224,
              42.59108307843954
            ],
            [
              -83.20407428905229,
              42.59107879028022
            ],
            [
              -83.2040774652107,
              42.59107556154352
            ],
            [
              -83.20408061718769,
              42.59107232265595
            ],
            [
              -83.2040847913599,
              42.59106798404044
            ],
            [
              -83.204088925647,
              42.59106362791074
            ],
            [
              -83.20409302619085,
              42.59105925162846
            ],
            [
              -83.20409708566497,
              42.59105485601915
            ],
            [
              -83.20410110892564,
              42.5910504420328
            ],
            [
              -83.20410410161413,
              42.59104711958546
            ],
            [
              -83.20410707015479,
              42.591043785186834
            ],
            [
              -83.20411099680722,
              42.59103932429545
            ],
            [
              -83.20411391825365,
              42.59103596690687
            ],
            [
              -83.2041168155354,
              42.591032598467166
            ],
            [
              -83.20411969471051,
              42.591029220838955
            ],
            [
              -83.20412254728431,
              42.59102583213481
            ],
            [
              -83.20412631931995,
              42.59102129853592
            ],
            [
              -83.20412912478271,
              42.59101788774204
            ],
            [
              -83.20413190486258,
              42.59101446588459
            ],
            [
              -83.20413557900443,
              42.59100988896913
            ],
            [
              -83.20413921447948,
              42.591005294551984
            ],
            [
              -83.2041428088175,
              42.5910006844087
            ],
            [
              -83.20414636450555,
              42.590996055863485
            ],
            [
              -83.20414987907334,
              42.59099141069197
            ],
            [
              -83.20415249111805,
              42.59098791689058
            ],
            [
              -83.20415507776312,
              42.59098441292591
            ],
            [
              -83.20415849315168,
              42.59097972802622
            ],
            [
              -83.2041618661849,
              42.590975027388
            ],
            [
              -83.20416437300923,
              42.59097149109567
            ],
            [
              -83.20416685319881,
              42.59096794552789
            ],
            [
              -83.20416931402967,
              42.59096439255952
            ],
            [
              -83.20417174822572,
              42.5909608303157
            ],
            [
              -83.20417416187847,
              42.59095725885844
            ],
            [
              -83.20425349052648,
              42.590802233727196
            ],
            [
              -83.20425537892646,
              42.59079696961348
            ],
            [
              -83.20425676639243,
              42.59079301583182
            ],
            [
              -83.20425812473663,
              42.590789055450394
            ],
            [
              -83.20425989656542,
              42.590783769438836
            ],
            [
              -83.20426162226653,
              42.590778473952916
            ],
            [
              -83.2042628870866,
              42.59077449731099
            ],
            [
              -83.20426412153296,
              42.59077051585733
            ],
            [
              -83.20426573061252,
              42.590765201174115
            ],
            [
              -83.20426729231251,
              42.59075987880454
            ],
            [
              -83.20426880664971,
              42.59075454784842
            ],
            [
              -83.20426991352657,
              42.59075054618539
            ],
            [
              -83.20427099124811,
              42.59074653972309
            ],
            [
              -83.20427238769514,
              42.59074119225788
            ],
            [
              -83.2042737379641,
              42.590735838018944
            ],
            [
              -83.20427504083672,
              42.59073047699382
            ],
            [
              -83.20427629629617,
              42.59072511008278
            ],
            [
              -83.20427750554398,
              42.590719738198416
            ],
            [
              -83.20427838271536,
              42.590715704479585
            ],
            [
              -83.20427922826123,
              42.59071166773701
            ],
            [
              -83.20428031836705,
              42.59070628113156
            ],
            [
              -83.20428110675327,
              42.590702238403594
            ],
            [
              -83.2042818659506,
              42.590698192676726
            ],
            [
              -83.20428283566258,
              42.590692793138146
            ],
            [
              -83.20428375912938,
              42.590687390426694
            ],
            [
              -83.20428463518314,
              42.59068198182924
            ],
            [
              -83.20428546377336,
              42.59067657004646
            ],
            [
              -83.20428624491691,
              42.590671154178146
            ],
            [
              -83.20428697737867,
              42.59066573511205
            ],
            [
              -83.20428749692273,
              42.59066166803242
            ],
            [
              -83.2042879872443,
              42.590657599754294
            ],
            [
              -83.20428845323339,
              42.59065352942713
            ],
            [
              -83.20428889001681,
              42.590649457001355
            ],
            [
              -83.20428943140644,
              42.59064402518148
            ],
            [
              -83.20428992531588,
              42.59063859107646
            ],
            [
              -83.2042902671388,
              42.590634514080385
            ],
            [
              -83.20429057608428,
              42.59063043584849
            ],
            [
              -83.20429095190231,
              42.590624996036844
            ],
            [
              -83.2042912011846,
              42.59062091539555
            ],
            [
              -83.20429142244592,
              42.590616834468385
            ],
            [
              -83.20429161935799,
              42.590612752392424
            ],
            [
              -83.20429178704755,
              42.590608669117955
            ],
            [
              -83.20429196920583,
              42.5906032246295
            ],
            [
              -83.20429210385028,
              42.59059777965636
            ],
            [
              -83.20429217531085,
              42.590593694499766
            ],
            [
              -83.20429221629706,
              42.59058960993268
            ],
            [
              -83.20429223034644,
              42.59058416282884
            ],
            [
              -83.20429219684847,
              42.59057871704064
            ],
            [
              -83.20429214279032,
              42.59057463240429
            ],
            [
              -83.20429205703961,
              42.590570548345
            ],
            [
              -83.2042919041145,
              42.59056510313914
            ],
            [
              -83.2042917024574,
              42.59055965743613
            ],
            [
              -83.2042844997286,
              42.59039415060478
            ],
            [
              -83.20427732508742,
              42.59022935985209
            ],
            [
              -83.20599048188515,
              42.59018873551746
            ],
            [
              -83.20598276149369,
              42.59002519807443
            ],
            [
              -83.20596009779906,
              42.589545095425734
            ],
            [
              -83.20595427263835,
              42.589421705025146
            ],
            [
              -83.2059430091474,
              42.589183126040034
            ],
            [
              -83.20592876899835,
              42.58888146101741
            ],
            [
              -83.20592708365342,
              42.588845748626
            ],
            [
              -83.20591552715223,
              42.588600942372025
            ],
            [
              -83.20591092966696,
              42.588503516769116
            ],
            [
              -83.20589519261408,
              42.588170164106714
            ],
            [
              -83.20587490711118,
              42.58774042984914
            ],
            [
              -83.20585609317337,
              42.58734187692082
            ],
            [
              -83.20622928721546,
              42.587332409004574
            ],
            [
              -83.2063756837163,
              42.58732869407649
            ],
            [
              -83.20661897848505,
              42.587322521701736
            ],
            [
              -83.20699781769613,
              42.5873129079669
            ],
            [
              -83.2074988502458,
              42.58730019017943
            ],
            [
              -83.20750575612426,
              42.58730001554078
            ],
            [
              -83.20772102758897,
              42.58729460012627
            ],
            [
              -83.20766715547134,
              42.58616308859292
            ],
            [
              -83.20766029617127,
              42.586019045842676
            ],
            [
              -83.20762308692957,
              42.58523748533116
            ],
            [
              -83.20757876612909,
              42.58430659241914
            ],
            [
              -83.20755396907911,
              42.583785719241035
            ],
            [
              -83.20750657524749,
              42.582828271754245
            ],
            [
              -83.20750437795897,
              42.58278389979497
            ],
            [
              -83.20747957231035,
              42.58226460028381
            ],
            [
              -83.20746726043666,
              42.582006845373336
            ],
            [
              -83.20740409724874,
              42.58068450473017
            ],
            [
              -83.2071829352108,
              42.58068787134048
            ],
            [
              -83.20673668979816,
              42.5806946380774
            ],
            [
              -83.2066297832136,
              42.58069625781422
            ],
            [
              -83.20629120595866,
              42.58070139191693
            ],
            [
              -83.20611004734485,
              42.580704137489185
            ],
            [
              -83.20580860096167,
              42.58070870303569
            ],
            [
              -83.20555319518508,
              42.58071257198039
            ],
            [
              -83.20532599459952,
              42.580716013898105
            ],
            [
              -83.20503346276531,
              42.58072044318039
            ],
            [
              -83.2047691385729,
              42.58072444451968
            ],
            [
              -83.20447660667624,
              42.58072887147195
            ],
            [
              -83.20424940715614,
              42.580732313055414
            ],
            [
              -83.20395687878933,
              42.58073674141103
            ],
            [
              -83.20376678944797,
              42.5807396181011
            ],
            [
              -83.2034185829019,
              42.58074488847435
            ],
            [
              -83.20328418380761,
              42.58074692122664
            ],
            [
              -83.20289885119412,
              42.58075274814825
            ],
            [
              -83.20283868952507,
              42.58075365876567
            ],
            [
              -83.20239320362225,
              42.580760397350396
            ],
            [
              -83.20236055504661,
              42.58076088931218
            ],
            [
              -83.20194771408667,
              42.58076712785433
            ],
            [
              -83.20184082674282,
              42.58076874329648
            ],
            [
              -83.2015022292091,
              42.58077386296751
            ],
            [
              -83.20106596356149,
              42.580780459274074
            ],
            [
              -83.20084322293394,
              42.58078382174231
            ],
            [
              -83.20069401250946,
              42.58078616445578
            ],
            [
              -83.20043415024509,
              42.58079010687205
            ],
            [
              -83.19969620475551,
              42.58080129380202
            ],
            [
              -83.19921378167174,
              42.580808604074015
            ],
            [
              -83.19916444544039,
              42.58080935267979
            ],
            [
              -83.1991246382413,
              42.580010035661125
            ],
            [
              -83.19912207804342,
              42.57997214693579
            ],
            [
              -83.19910012398462,
              42.57950593476372
            ],
            [
              -83.19909422099394,
              42.579380584650345
            ],
            [
              -83.19908565834046,
              42.579198759285696
            ],
            [
              -83.19907935888891,
              42.579003390292314
            ],
            [
              -83.19907440032459,
              42.57889659933843
            ],
            [
              -83.1993712100283,
              42.57888796330832
            ],
            [
              -83.19947557586391,
              42.578884927000786
            ],
            [
              -83.19951474519485,
              42.578788051124874
            ],
            [
              -83.1994827802869,
              42.57874306060934
            ],
            [
              -83.1993485703318,
              42.578625555284226
            ],
            [
              -83.19927752266409,
              42.57853757566156
            ],
            [
              -83.19931081652685,
              42.57842867188124
            ],
            [
              -83.1992502061024,
              42.57834634999434
            ],
            [
              -83.199197837328,
              42.57828455911255
            ],
            [
              -83.19918658034183,
              42.5782432633772
            ],
            [
              -83.19912216858305,
              42.5782453736657
            ],
            [
              -83.1990442717922,
              42.5782479246367
            ],
            [
              -83.19824999139428,
              42.57826937754618
            ],
            [
              -83.19761177878489,
              42.57828661117857
            ],
            [
              -83.19748933537738,
              42.578289916718006
            ],
            [
              -83.19748063362933,
              42.57811957580245
            ],
            [
              -83.19746467384873,
              42.57780703554416
            ],
            [
              -83.19744884417241,
              42.57749717522039
            ],
            [
              -83.19744850928913,
              42.57749055493865
            ],
            [
              -83.19743301834168,
              42.57718731312366
            ],
            [
              -83.19742614090995,
              42.57705261418751
            ],
            [
              -83.19741719385276,
              42.57687745282971
            ],
            [
              -83.19740163090702,
              42.576572742644174
            ],
            [
              -83.19737310936162,
              42.57602740875149
            ],
            [
              -83.19722686132411,
              42.57603082165151
            ],
            [
              -83.19718956771655,
              42.57603169299679
            ],
            [
              -83.1971816558999,
              42.575867154029304
            ],
            [
              -83.1971639796195,
              42.575455753009685
            ],
            [
              -83.1971474781199,
              42.57507169397518
            ],
            [
              -83.19714037813125,
              42.574905845177746
            ],
            [
              -83.19714011065052,
              42.574900696795844
            ],
            [
              -83.19713986889474,
              42.57489683711284
            ],
            [
              -83.19713958691135,
              42.57489297881751
            ],
            [
              -83.19713915728543,
              42.57488783687417
            ],
            [
              -83.19713866423945,
              42.574882698781586
            ],
            [
              -83.19713810535424,
              42.574877563614464
            ],
            [
              -83.1971374842669,
              42.57487243231057
            ],
            [
              -83.1971367973066,
              42.574867305732596
            ],
            [
              -83.1971360469093,
              42.57486218390549
            ],
            [
              -83.19713523304117,
              42.574857068629726
            ],
            [
              -83.1971345814822,
              42.57485323445137
            ],
            [
              -83.19713389086296,
              42.574849404373936
            ],
            [
              -83.1971329171337,
              42.57484430366344
            ],
            [
              -83.19713187993366,
              42.574839209504326
            ],
            [
              -83.19713077804492,
              42.57483412188399
            ],
            [
              -83.19712991283036,
              42.574830312523126
            ],
            [
              -83.19712900733758,
              42.57482650725066
            ],
            [
              -83.1971277467043,
              42.574821439609295
            ],
            [
              -83.19712642496866,
              42.57481638214511
            ],
            [
              -83.19712503727561,
              42.57481133390779
            ],
            [
              -83.197123588514,
              42.57480629404715
            ],
            [
              -83.19712207619718,
              42.57480126523881
            ],
            [
              -83.19712050032506,
              42.57479624748271
            ],
            [
              -83.19711928084529,
              42.574792490307566
            ],
            [
              -83.19711802101968,
              42.574788740821475
            ],
            [
              -83.19711628870397,
              42.574783750271024
            ],
            [
              -83.19711449525218,
              42.57477877169803
            ],
            [
              -83.19711263819441,
              42.5747738068779
            ],
            [
              -83.19711072000061,
              42.57476885403524
            ],
            [
              -83.19710874063682,
              42.5747639149705
            ],
            [
              -83.19710670010312,
              42.57475898968359
            ],
            [
              -83.19710459719843,
              42.57475407726185
            ],
            [
              -83.19710243309001,
              42.57474918041837
            ],
            [
              -83.19710020655991,
              42.57474429914064
            ],
            [
              -83.1970979212959,
              42.57473943166578
            ],
            [
              -83.19709557357642,
              42.574734581557124
            ],
            [
              -83.19709377545219,
              42.57473095349633
            ],
            [
              -83.19709193814946,
              42.574727335837736
            ],
            [
              -83.19709007388202,
              42.57472372690593
            ],
            [
              -83.19708817043607,
              42.5747201283763
            ],
            [
              -83.19708623637139,
              42.57471653853603
            ],
            [
              -83.19708426554729,
              42.57471296002313
            ],
            [
              -83.19708158836333,
              42.574708203771564
            ],
            [
              -83.19707885236092,
              42.574703465823895
            ],
            [
              -83.1970760551042,
              42.57469874615498
            ],
            [
              -83.19707320141434,
              42.57469404751554
            ],
            [
              -83.19707028890605,
              42.574689367179964
            ],
            [
              -83.19706806562134,
              42.57468586890889
            ],
            [
              -83.19706580918039,
              42.574682384703245
            ],
            [
              -83.1970627507343,
              42.57467775599103
            ],
            [
              -83.19705963343594,
              42.574673147382974
            ],
            [
              -83.19705645846963,
              42.57466856069205
            ],
            [
              -83.19705322825433,
              42.57466399684342
            ],
            [
              -83.19704994037104,
              42.574659454911874
            ],
            [
              -83.19704743979267,
              42.57465606183794
            ],
            [
              -83.19704490238726,
              42.574652683692136
            ],
            [
              -83.19704147335358,
              42.57464819793494
            ],
            [
              -83.19703798781919,
              42.5746437368079
            ],
            [
              -83.19703444701894,
              42.57463929942336
            ],
            [
              -83.19703085095288,
              42.57463488578133
            ],
            [
              -83.19702811948271,
              42.574631592078305
            ],
            [
              -83.19702535363845,
              42.57462831242819
            ],
            [
              -83.197022561946,
              42.57462504691859
            ],
            [
              -83.19701973462763,
              42.574621797249804
            ],
            [
              -83.19701592103388,
              42.574617484916566
            ],
            [
              -83.19701205332458,
              42.574613199939115
            ],
            [
              -83.1970081315337,
              42.57460894051702
            ],
            [
              -83.19700515788875,
              42.57460576317594
            ],
            [
              -83.19700214981893,
              42.57460260258841
            ],
            [
              -83.19699911711892,
              42.57459945615382
            ],
            [
              -83.19699605121207,
              42.5745963264853
            ],
            [
              -83.19699191903233,
              42.57459217744895
            ],
            [
              -83.19698773637418,
              42.57458805670606
            ],
            [
              -83.19698350200268,
              42.574583965144264
            ],
            [
              -83.19697967621258,
              42.574580301854006
            ],
            [
              -83.19697693271567,
              42.574577648191884
            ],
            [
              -83.19697421137964,
              42.574574982152015
            ],
            [
              -83.19697061287982,
              42.5745714112328
            ],
            [
              -83.19696793584873,
              42.574568721337656
            ],
            [
              -83.19696527976056,
              42.57456601905224
            ],
            [
              -83.19696264211169,
              42.574563307952424
            ],
            [
              -83.19696002784161,
              42.57456058448739
            ],
            [
              -83.19695743202774,
              42.574557851307674
            ],
            [
              -83.19695485713989,
              42.57455510663795
            ],
            [
              -83.19695145426519,
              42.57455143328363
            ],
            [
              -83.19694808831964,
              42.57454773959974
            ],
            [
              -83.19694558598762,
              42.57454495875958
            ],
            [
              -83.19694310825243,
              42.57454216556669
            ],
            [
              -83.19694064648664,
              42.574539365334715
            ],
            [
              -83.19693821050188,
              42.574536554562975
            ],
            [
              -83.19693579055422,
              42.574533733151384
            ],
            [
              -83.19693339638755,
              42.574530901199985
            ],
            [
              -83.19693023203845,
              42.57452711144511
            ],
            [
              -83.19692710698685,
              42.57452330498657
            ],
            [
              -83.19692478776115,
              42.574520439590366
            ],
            [
              -83.1969224894445,
              42.57451756360436
            ],
            [
              -83.19692021198614,
              42.57451467972914
            ],
            [
              -83.19691795787276,
              42.57451178528911
            ],
            [
              -83.19691498388718,
              42.574507913753905
            ],
            [
              -83.19691204799791,
              42.57450402460239
            ],
            [
              -83.19690915137225,
              42.57450012054763
            ],
            [
              -83.19690700161792,
              42.5744971830608
            ],
            [
              -83.19690487884556,
              42.57449423594686
            ],
            [
              -83.19690207796822,
              42.57449029325876
            ],
            [
              -83.19689931635449,
              42.57448633566746
            ],
            [
              -83.19689726969028,
              42.574483357821876
            ],
            [
              -83.19689524753824,
              42.574480372124604
            ],
            [
              -83.19689324502646,
              42.57447737852566
            ],
            [
              -83.19689126706074,
              42.57447437527465
            ],
            [
              -83.1968886636684,
              42.574470360783636
            ],
            [
              -83.19688609953963,
              42.57446633138938
            ],
            [
              -83.19688357465736,
              42.574462287992176
            ],
            [
              -83.19688109144084,
              42.574458231517205
            ],
            [
              -83.19687864623596,
              42.5744541619269
            ],
            [
              -83.19687624269673,
              42.57445007925886
            ],
            [
              -83.19687387838717,
              42.574445983488005
            ],
            [
              -83.1968715557263,
              42.57444187553959
            ],
            [
              -83.19686983885182,
              42.57443878673291
            ],
            [
              -83.19686815592875,
              42.57443570637818
            ],
            [
              -83.19686597024071,
              42.5744316349509
            ],
            [
              -83.1968638237485,
              42.57442755222123
            ],
            [
              -83.19686171766995,
              42.574423458201714
            ],
            [
              -83.19686016261902,
              42.57442038006045
            ],
            [
              -83.19685863204639,
              42.57441729586802
            ],
            [
              -83.1968566251668,
              42.574413174055124
            ],
            [
              -83.196854658684,
              42.574409041852675
            ],
            [
              -83.19685320890494,
              42.57440593688085
            ],
            [
              -83.19685178362109,
              42.57440282495761
            ],
            [
              -83.19684991750432,
              42.57439866767497
            ],
            [
              -83.19684854241201,
              42.574395542761515
            ],
            [
              -83.19684719421697,
              42.57439241272207
            ],
            [
              -83.19684542966725,
              42.57438823127193
            ],
            [
              -83.19684370427943,
              42.5743840403199
            ],
            [
              -83.19684243804511,
              42.574380892214215
            ],
            [
              -83.1968411938531,
              42.57437773803233
            ],
            [
              -83.19683957243437,
              42.57437352473821
            ],
            [
              -83.19683799137856,
              42.57436930285489
            ],
            [
              -83.19683645066863,
              42.574365073282536
            ],
            [
              -83.19683532142456,
              42.57436189597098
            ],
            [
              -83.19683421665864,
              42.57435871260819
            ],
            [
              -83.19683277985008,
              42.574354464294615
            ],
            [
              -83.19683138342127,
              42.57435020649163
            ],
            [
              -83.19683036174936,
              42.574347009576194
            ],
            [
              -83.1968293669747,
              42.57434380753476
            ],
            [
              -83.19682839297352,
              42.57434060210515
            ],
            [
              -83.19682744339978,
              42.57433739332491
            ],
            [
              -83.19682621315883,
              42.57433310841661
            ],
            [
              -83.19682502446481,
              42.574328816732056
            ],
            [
              -83.19682415920296,
              42.574325594411704
            ],
            [
              -83.1968233195865,
              42.57432236875325
            ],
            [
              -83.1968222359439,
              42.57431806194076
            ],
            [
              -83.19682119381437,
              42.57431375015243
            ],
            [
              -83.19682043725786,
              42.57431051274169
            ],
            [
              -83.19681970758165,
              42.57430727110519
            ],
            [
              -83.19681877045277,
              42.5743029468896
            ],
            [
              -83.1968178748707,
              42.57429861589768
            ],
            [
              -83.19681722940467,
              42.574295366122286
            ],
            [
              -83.19681661080199,
              42.57429211302125
            ],
            [
              -83.19681582138772,
              42.5742877723152
            ],
            [
              -83.19681507226841,
              42.574283426620724
            ],
            [
              -83.19681436586318,
              42.57427907686307
            ],
            [
              -83.19681370213807,
              42.57427472484259
            ],
            [
              -83.19681308114399,
              42.57427036785878
            ],
            [
              -83.19681250159515,
              42.57426600949981
            ],
            [
              -83.19681209409289,
              42.57426273785821
            ],
            [
              -83.19681171220208,
              42.57425946467893
            ],
            [
              -83.19681123878695,
              42.57425509840623
            ],
            [
              -83.19681080806886,
              42.57425072897057
            ],
            [
              -83.19681051153835,
              42.57424745126572
            ],
            [
              -83.19681024182033,
              42.57424417293584
            ],
            [
              -83.19680991718518,
              42.574239798287
            ],
            [
              -83.19680963519622,
              42.57423542317588
            ],
            [
              -83.19680944960352,
              42.5742321412081
            ],
            [
              -83.19680184762113,
              42.574085853235204
            ],
            [
              -83.19678473960278,
              42.57375680429119
            ],
            [
              -83.19676763787211,
              42.57342775449821
            ],
            [
              -83.196750531332,
              42.57309871094529
            ],
            [
              -83.19673342989537,
              42.57276966473049
            ],
            [
              -83.19671632498576,
              42.572440618466864
            ],
            [
              -83.19669921655246,
              42.572111574855
            ],
            [
              -83.19668354184813,
              42.57180994883892
            ],
            [
              -83.19668211932917,
              42.57178252774371
            ],
            [
              -83.19667519494561,
              42.5716493426271
            ],
            [
              -83.1966750505558,
              42.571646202440206
            ],
            [
              -83.19667493054152,
              42.57164306160333
            ],
            [
              -83.1966748046357,
              42.57163887357101
            ],
            [
              -83.19667472015647,
              42.57163468506381
            ],
            [
              -83.1966746759027,
              42.57163049516911
            ],
            [
              -83.19667467040759,
              42.57162735370784
            ],
            [
              -83.196674689271,
              42.57162421249676
            ],
            [
              -83.19667474855814,
              42.57162002276523
            ],
            [
              -83.19667484923787,
              42.57161583435925
            ],
            [
              -83.19667499012618,
              42.571611645465886
            ],
            [
              -83.19667517360803,
              42.57160745881081
            ],
            [
              -83.19667533618696,
              42.57160431907598
            ],
            [
              -83.19667552554338,
              42.57160118051655
            ],
            [
              -83.19667581009634,
              42.571596995800036
            ],
            [
              -83.19667613722591,
              42.57159281422199
            ],
            [
              -83.19667640693167,
              42.57158967828863
            ],
            [
              -83.19667670339793,
              42.57158654443092
            ],
            [
              -83.19667701935101,
              42.571583410773414
            ],
            [
              -83.19667736204768,
              42.57158028009173
            ],
            [
              -83.19667785227783,
              42.57157610559128
            ],
            [
              -83.1966782460935,
              42.57157297723537
            ],
            [
              -83.19667866545178,
              42.57156985094264
            ],
            [
              -83.19667925786918,
              42.57156568379444
            ],
            [
              -83.1966797283126,
              42.57156256162788
            ],
            [
              -83.19668022309764,
              42.57155944061177
            ],
            [
              -83.19668091765146,
              42.57155528351645
            ],
            [
              -83.1966816535639,
              42.57155112954706
            ],
            [
              -83.19668242960016,
              42.57154697959131
            ],
            [
              -83.19668303746593,
              42.57154386964086
            ],
            [
              -83.1966836696394,
              42.571540762641185
            ],
            [
              -83.19668454777815,
              42.571536624538695
            ],
            [
              -83.19668546604065,
              42.57153249044984
            ],
            [
              -83.19668642562792,
              42.57152836128736
            ],
            [
              -83.19668742532204,
              42.57152423703865
            ],
            [
              -83.19668846508905,
              42.57152011950422
            ],
            [
              -83.196689543745,
              42.571516006871086
            ],
            [
              -83.19669066614458,
              42.57151190008954
            ],
            [
              -83.19669153161756,
              42.57150882429819
            ],
            [
              -83.1966924213813,
              42.57150575235785
            ],
            [
              -83.19669364337962,
              42.57150166100529
            ],
            [
              -83.19669490423293,
              42.571497576354446
            ],
            [
              -83.19669620514227,
              42.57149349931801
            ],
            [
              -83.19669720663312,
              42.57149044563243
            ],
            [
              -83.19669823119676,
              42.57148739578524
            ],
            [
              -83.19669927759836,
              42.57148435066427
            ],
            [
              -83.19670034825678,
              42.571481311194724
            ],
            [
              -83.19670143958604,
              42.57147827373819
            ],
            [
              -83.19670255397115,
              42.571475241020366
            ],
            [
              -83.19670407456239,
              42.57147120675717
            ],
            [
              -83.19670563402543,
              42.57146717829553
            ],
            [
              -83.19670723351058,
              42.57146315924869
            ],
            [
              -83.19670887181688,
              42.57145914870395
            ],
            [
              -83.19671054892726,
              42.57145514756145
            ],
            [
              -83.19671183316089,
              42.57145215170274
            ],
            [
              -83.19678404130853,
              42.571285349082025
            ],
            [
              -83.19681934045379,
              42.571203804612686
            ],
            [
              -83.19682092400424,
              42.57120011403716
            ],
            [
              -83.19682300224457,
              42.571195186026294
            ],
            [
              -83.19682504046241,
              42.571190248600566
            ],
            [
              -83.19682703864088,
              42.57118530266029
            ],
            [
              -83.19682899556206,
              42.57118034819278
            ],
            [
              -83.19683091367874,
              42.571175384322984
            ],
            [
              -83.19683232737907,
              42.57117165688825
            ],
            [
              -83.19683371560447,
              42.571167923789574
            ],
            [
              -83.19683508320968,
              42.57116418597727
            ],
            [
              -83.1968364253061,
              42.57116044430145
            ],
            [
              -83.19683818201368,
              42.57115544816104
            ],
            [
              -83.19683947314333,
              42.57115169605762
            ],
            [
              -83.19684073998211,
              42.57114794010322
            ],
            [
              -83.19684198620067,
              42.57114417943514
            ],
            [
              -83.19684320691053,
              42.57114041490358
            ],
            [
              -83.19684480215844,
              42.57113538919318
            ],
            [
              -83.19684635367942,
              42.57113035673111
            ],
            [
              -83.19684786634524,
              42.571125317567294
            ],
            [
              -83.19684933772005,
              42.57112027167684
            ],
            [
              -83.19685041635556,
              42.571116483176645
            ],
            [
              -83.1968514682814,
              42.571112689900275
            ],
            [
              -83.1968524995363,
              42.5711088946108
            ],
            [
              -83.19685350650042,
              42.571105095470436
            ],
            [
              -83.19685481389531,
              42.571100024485965
            ],
            [
              -83.1968557686071,
              42.57109621850626
            ],
            [
              -83.1968566978102,
              42.57109240866305
            ],
            [
              -83.19685790191846,
              42.571087324012545
            ],
            [
              -83.19685906591985,
              42.57108223444823
            ],
            [
              -83.19686018617753,
              42.57107713903239
            ],
            [
              -83.19686126752936,
              42.5710720396155
            ],
            [
              -83.19686205333898,
              42.57106821119245
            ],
            [
              -83.19686281117032,
              42.57106438068128
            ],
            [
              -83.19686354954867,
              42.571060548169584
            ],
            [
              -83.19686426118355,
              42.571056712682086
            ],
            [
              -83.19686517720254,
              42.57105159536039
            ],
            [
              -83.19686605066194,
              42.571046474000035
            ],
            [
              -83.19686688277974,
              42.571041348613655
            ],
            [
              -83.1968676723211,
              42.571036220088814
            ],
            [
              -83.19686842172179,
              42.57103108845061
            ],
            [
              -83.19686912732813,
              42.571025953661476
            ],
            [
              -83.19686979402871,
              42.571020814871304
            ],
            [
              -83.19687041815288,
              42.57101567294273
            ],
            [
              -83.19687099968371,
              42.57101052877592
            ],
            [
              -83.1968715410401,
              42.571005383296125
            ],
            [
              -83.19687204105493,
              42.57100023379031
            ],
            [
              -83.19687238895472,
              42.570996372057735
            ],
            [
              -83.19687271011101,
              42.570992507349416
            ],
            [
              -83.19687310421773,
              42.570987354054694
            ],
            [
              -83.1968733742553,
              42.57098348702059
            ],
            [
              -83.19687361871665,
              42.57097961972384
            ],
            [
              -83.1968739081332,
              42.570974462652785
            ],
            [
              -83.19687415493956,
              42.570969304243754
            ],
            [
              -83.19687436278957,
              42.570964144534265
            ],
            [
              -83.19687452681146,
              42.570958983474306
            ],
            [
              -83.19687464939034,
              42.57095382378941
            ],
            [
              -83.19687473059392,
              42.57094866187883
            ],
            [
              -83.19687476917048,
              42.57094349953053
            ],
            [
              -83.19687476753889,
              42.57093833766953
            ],
            [
              -83.19687472204545,
              42.57093317625854
            ],
            [
              -83.19687466204464,
              42.57092930493443
            ],
            [
              -83.19687457766867,
              42.5709254342604
            ],
            [
              -83.19687442740072,
              42.57092027357402
            ],
            [
              -83.1968742369247,
              42.570915113375115
            ],
            [
              -83.19687400378784,
              42.57090995453878
            ],
            [
              -83.1968654131238,
              42.57069490561465
            ],
            [
              -83.1968571540255,
              42.57048781759669
            ],
            [
              -83.19691477872514,
              42.57033000121036
            ],
            [
              -83.19692567573307,
              42.57013387299682
            ],
            [
              -83.1969318144739,
              42.57004234368943
            ],
            [
              -83.19693825809307,
              42.56994625891835
            ],
            [
              -83.19695988303613,
              42.5697520083059
            ],
            [
              -83.1969655708357,
              42.569714143862065
            ],
            [
              -83.19698801272631,
              42.56956468623938
            ],
            [
              -83.19699877931687,
              42.5694660095621
            ],
            [
              -83.19700852619239,
              42.5693766709958
            ],
            [
              -83.19702529381983,
              42.56918347164209
            ],
            [
              -83.19703380637868,
              42.568991493954165
            ],
            [
              -83.19703569802303,
              42.568892667607194
            ],
            [
              -83.1970375443001,
              42.5687959953889
            ],
            [
              -83.19703615113706,
              42.568728382792635
            ],
            [
              -83.19703361406003,
              42.568604912742245
            ],
            [
              -83.19707235845951,
              42.56847541633514
            ],
            [
              -83.19706868488771,
              42.56837067320013
            ],
            [
              -83.1970273701242,
              42.56719186527615
            ],
            [
              -83.19698757218421,
              42.5660590684125
            ],
            [
              -83.19693144489324,
              42.564461550109165
            ],
            [
              -83.19693036778487,
              42.56443085428471
            ],
            [
              -83.19692180937813,
              42.56418723399548
            ],
            [
              -83.19691601835916,
              42.564022411387086
            ],
            [
              -83.19691409998185,
              42.56396778487058
            ],
            [
              -83.19690639197619,
              42.56374832945245
            ],
            [
              -83.19689868394023,
              42.5635288785311
            ],
            [
              -83.19689632687347,
              42.563461758410796
            ],
            [
              -83.19689097357391,
              42.56330942487985
            ],
            [
              -83.19688326442899,
              42.5630899739374
            ],
            [
              -83.19687587247145,
              42.562879635337836
            ],
            [
              -83.1968755516682,
              42.56287052385344
            ],
            [
              -83.1968678511901,
              42.56265107118965
            ],
            [
              -83.19686589916329,
              42.56259551783452
            ],
            [
              -83.19686013735416,
              42.56243161928423
            ],
            [
              -83.19685247746301,
              42.5622135121874
            ],
            [
              -83.19684423690828,
              42.56197899789672
            ],
            [
              -83.19684288672428,
              42.561940544332735
            ],
            [
              -83.19683325320749,
              42.56166622817031
            ],
            [
              -83.19682919521041,
              42.56155068282111
            ],
            [
              -83.19682361855781,
              42.56139191198881
            ],
            [
              -83.19681675420763,
              42.56119648537694
            ],
            [
              -83.19681266401035,
              42.56108006452734
            ],
            [
              -83.19680670817856,
              42.56091535812376
            ],
            [
              -83.19680555894479,
              42.56088792270476
            ],
            [
              -83.19680332874363,
              42.56085229267548
            ],
            [
              -83.1968016127325,
              42.56082488024601
            ],
            [
              -83.19679731753791,
              42.56075085773333
            ],
            [
              -83.19678963791205,
              42.560635743364244
            ],
            [
              -83.19676068180885,
              42.56018896986339
            ],
            [
              -83.19675786624119,
              42.56014398792697
            ],
            [
              -83.19674755788786,
              42.55997927370732
            ],
            [
              -83.1967471301402,
              42.559972419261506
            ],
            [
              -83.19674221921343,
              42.559893968674395
            ],
            [
              -83.19673443461372,
              42.55976954783973
            ],
            [
              -83.1967335787181,
              42.559755860552606
            ],
            [
              -83.19672798353056,
              42.55966645077419
            ],
            [
              -83.19671838849099,
              42.55951316872873
            ],
            [
              -83.19671676677405,
              42.55948722307338
            ],
            [
              -83.1967137464125,
              42.55943894995955
            ],
            [
              -83.19678790000265,
              42.559436411886125
            ],
            [
              -83.1968218544964,
              42.559306046076856
            ],
            [
              -83.1968337380672,
              42.55926041380433
            ],
            [
              -83.1968478214441,
              42.55920634420605
            ],
            [
              -83.196844834476,
              42.559158622468026
            ],
            [
              -83.19684174671522,
              42.55910900620596
            ],
            [
              -83.1968379899864,
              42.559048975638675
            ],
            [
              -83.19683359765851,
              42.55897882913277
            ],
            [
              -83.1968316162108,
              42.5589724089136
            ],
            [
              -83.19682176789806,
              42.55894060734697
            ],
            [
              -83.19678051145532,
              42.558807369225825
            ],
            [
              -83.19676374077359,
              42.55875320415694
            ],
            [
              -83.19674396014734,
              42.558753879709286
            ],
            [
              -83.19667104437661,
              42.55875637373975
            ],
            [
              -83.19665878292277,
              42.55856062871081
            ],
            [
              -83.1966567966651,
              42.55852887549016
            ],
            [
              -83.1966554363427,
              42.5585071678807
            ],
            [
              -83.19664409930907,
              42.55832600311071
            ],
            [
              -83.19664255668523,
              42.558301360206045
            ],
            [
              -83.19664154151532,
              42.55828513402329
            ],
            [
              -83.19664014241538,
              42.55826276874102
            ],
            [
              -83.19662455887827,
              42.55801376300073
            ],
            [
              -83.19661426739526,
              42.557849290208765
            ],
            [
              -83.19659349312171,
              42.55751731378704
            ],
            [
              -83.19659059590913,
              42.55747098673604
            ],
            [
              -83.1965780603072,
              42.55727061092961
            ],
            [
              -83.19655705388223,
              42.55692871896811
            ],
            [
              -83.19654348462684,
              42.556709421948916
            ],
            [
              -83.1965290758461,
              42.5564764188908
            ],
            [
              -83.19651466110206,
              42.556243414864
            ],
            [
              -83.19650024768356,
              42.55601041084378
            ],
            [
              -83.19648583552286,
              42.55577741043094
            ],
            [
              -83.19647142472157,
              42.55554440822433
            ],
            [
              -83.19645701160984,
              42.555311405086535
            ],
            [
              -83.19644175050013,
              42.555064695819446
            ],
            [
              -83.1964400066625,
              42.55503651326246
            ],
            [
              -83.1964271667498,
              42.554828926761715
            ],
            [
              -83.19626764860827,
              42.55483268324926
            ],
            [
              -83.19624920261384,
              42.55453441722995
            ],
            [
              -83.19624469488642,
              42.554461522436235
            ],
            [
              -83.19590445216072,
              42.554469542327695
            ],
            [
              -83.19561284360962,
              42.554509910349296
            ],
            [
              -83.19559068108069,
              42.554512977799476
            ],
            [
              -83.19532119066061,
              42.55455028707536
            ],
            [
              -83.19528334916413,
              42.55455552155176
            ],
            [
              -83.19509035436302,
              42.55456007188059
            ],
            [
              -83.19503479909771,
              42.55456138116151
            ],
            [
              -83.19488890168887,
              42.55456481666521
            ],
            [
              -83.19474822372669,
              42.55456813102631
            ],
            [
              -83.19469086041808,
              42.55456948095659
            ],
            [
              -83.19468404605607,
              42.554569642218254
            ],
            [
              -83.194490522511,
              42.55457419779435
            ],
            [
              -83.19448148339632,
              42.554574411773956
            ],
            [
              -83.1944616532317,
              42.5545748766192
            ],
            [
              -83.19429018580814,
              42.55457891339198
            ],
            [
              -83.19427892197398,
              42.55457917828127
            ],
            [
              -83.1941750753012,
              42.55458162501658
            ],
            [
              -83.19408984780638,
              42.55458363132524
            ],
            [
              -83.19407636045275,
              42.55458394802909
            ],
            [
              -83.19388950859059,
              42.554588347093144
            ],
            [
              -83.19387379893445,
              42.55458871561624
            ],
            [
              -83.19368917299727,
              42.55459306254621
            ],
            [
              -83.19367123249772,
              42.55459348369301
            ],
            [
              -83.1935917239739,
              42.554595356760906
            ],
            [
              -83.19348882881647,
              42.554597779359405
            ],
            [
              -83.19346867453619,
              42.55459825239752
            ],
            [
              -83.19326622739563,
              42.55460301918293
            ],
            [
              -83.19325784988477,
              42.554603215572975
            ],
            [
              -83.1930436467213,
              42.55460825428361
            ],
            [
              -83.19303526186953,
              42.554608452382425
            ],
            [
              -83.19284049286925,
              42.55461303643874
            ],
            [
              -83.19270139374487,
              42.55461630872554
            ],
            [
              -83.19265128207438,
              42.55461748838907
            ],
            [
              -83.19246393170877,
              42.55462189618322
            ],
            [
              -83.19239348666126,
              42.55462355124532
            ],
            [
              -83.19227657529663,
              42.554626300005516
            ],
            [
              -83.19208740341813,
              42.55463074962042
            ],
            [
              -83.19190187443283,
              42.5546351140527
            ],
            [
              -83.191777675864,
              42.55463803742582
            ],
            [
              -83.1917145226926,
              42.55463952330197
            ],
            [
              -83.191527167375,
              42.554643926804125
            ],
            [
              -83.19146976614729,
              42.55464527652271
            ],
            [
              -83.1913398167993,
              42.554648335449485
            ],
            [
              -83.19116186114434,
              42.55465251933831
            ],
            [
              -83.19115246137761,
              42.55465274103574
            ],
            [
              -83.19096510958224,
              42.55465714635149
            ],
            [
              -83.19085395486918,
              42.55465976040861
            ],
            [
              -83.19077775534217,
              42.55466155043364
            ],
            [
              -83.19059040467731,
              42.55466595694585
            ],
            [
              -83.19053863112293,
              42.554667171638485
            ],
            [
              -83.1904030491836,
              42.554670359498736
            ],
            [
              -83.19021569728221,
              42.554674763581545
            ],
            [
              -83.19002196592211,
              42.55467931842723
            ],
            [
              -83.18990230204638,
              42.55468212904865
            ],
            [
              -83.18979949442306,
              42.554686473325084
            ],
            [
              -83.1895969329337,
              42.554691261223404
            ],
            [
              -83.18957690158778,
              42.55469173394376
            ],
            [
              -83.18939436537619,
              42.554696045997886
            ],
            [
              -83.18937656240628,
              42.55469646789059
            ],
            [
              -83.18919180257284,
              42.55470083496341
            ],
            [
              -83.18917622803065,
              42.55470120333578
            ],
            [
              -83.1889892362047,
              42.55470561722944
            ],
            [
              -83.1889758888904,
              42.554705931176514
            ],
            [
              -83.18878667340717,
              42.554710401873514
            ],
            [
              -83.18877555323618,
              42.554710665904246
            ],
            [
              -83.1885841069086,
              42.55471518701968
            ],
            [
              -83.18857521520157,
              42.55471539575329
            ],
            [
              -83.18838154399765,
              42.554719973643685
            ],
            [
              -83.18837488070407,
              42.55472012978872
            ],
            [
              -83.18817675879657,
              42.55472480893859
            ],
            [
              -83.18797530823844,
              42.554729566736256
            ],
            [
              -83.18776783645231,
              42.554734464425216
            ],
            [
              -83.18774974226676,
              42.55432307244042
            ],
            [
              -83.18774443561641,
              42.554203640176596
            ],
            [
              -83.18663868545332,
              42.554229686488945
            ],
            [
              -83.18637744596421,
              42.54927124055644
            ],
            [
              -83.18635833510918,
              42.548908447091826
            ],
            [
              -83.1862813720394,
              42.54744748509607
            ],
            [
              -83.18614457246538,
              42.54473273021991
            ],
            [
              -83.18607449641105,
              42.54334202067379
            ],
            [
              -83.18585192294431,
              42.543346705660966
            ],
            [
              -83.18445911372763,
              42.54337601691772
            ],
            [
              -83.18150159881742,
              42.543438200432625
            ],
            [
              -83.1810278012215,
              42.54344819013548
            ],
            [
              -83.1796385428519,
              42.54347744523374
            ],
            [
              -83.17884490792348,
              42.543494151536734
            ],
            [
              -83.1780512726035,
              42.5435108505074
            ],
            [
              -83.17725763684065,
              42.54352754484626
            ],
            [
              -83.17629073087096,
              42.54354787573278
            ],
            [
              -83.17596304022435,
              42.54355476468607
            ],
            [
              -83.1744597486099,
              42.543586354679704
            ],
            [
              -83.17423715062966,
              42.54359099781525
            ],
            [
              -83.1713133391843,
              42.54365237671355
            ],
            [
              -83.17081305931791,
              42.543506552104354
            ],
            [
              -83.17023493098887,
              42.5435343873145
            ],
            [
              -83.16974603084314,
              42.54371736307063
            ],
            [
              -83.16969201187436,
              42.54255501593884
            ],
            [
              -83.16974554967645,
              42.54255255083305
            ],
            [
              -83.17018847279734,
              42.54253175642026
            ],
            [
              -83.17043068807706,
              42.54252038453325
            ],
            [
              -83.17046299645912,
              42.54251889623127
            ],
            [
              -83.17126298381991,
              42.54248204941189
            ],
            [
              -83.17122146758821,
              42.541575748539394
            ],
            [
              -83.1723274979663,
              42.54156911805848
            ],
            [
              -83.17387152028111,
              42.5415598428773
            ],
            [
              -83.17621107372398,
              42.54154670583661
            ],
            [
              -83.17618156594808,
              42.540794852616784
            ],
            [
              -83.17617515068959,
              42.54063025654597
            ],
            [
              -83.17614498328993,
              42.53985665850525
            ],
            [
              -83.1755839792249,
              42.53997503193461
            ],
            [
              -83.17557709854532,
              42.53997644827257
            ],
            [
              -83.17557020970594,
              42.539977845616775
            ],
            [
              -83.17556331394134,
              42.53997922307977
            ],
            [
              -83.17555641001695,
              42.539980581549
            ],
            [
              -83.17555122957135,
              42.53998158799426
            ],
            [
              -83.17554604206289,
              42.53998258176007
            ],
            [
              -83.17553912080821,
              42.53998389142647
            ],
            [
              -83.17553219386289,
              42.5399851803242
            ],
            [
              -83.17552525997512,
              42.53998645024091
            ],
            [
              -83.17552005645692,
              42.53998738981525
            ],
            [
              -83.17551484831053,
              42.53998831673569
            ],
            [
              -83.17550963548419,
              42.53998923370271
            ],
            [
              -83.1755044191952,
              42.53999014072909
            ],
            [
              -83.17549920071266,
              42.539991035127
            ],
            [
              -83.17549397758455,
              42.53999191777106
            ],
            [
              -83.17548700926022,
              42.53999307837928
            ],
            [
              -83.17548003401065,
              42.53999421910618
            ],
            [
              -83.17547479946685,
              42.53999506201331
            ],
            [
              -83.17546956271225,
              42.539995893192085
            ],
            [
              -83.17546431764302,
              42.539996713479084
            ],
            [
              -83.17545907399767,
              42.5399975229762
            ],
            [
              -83.17545207711684,
              42.53999858514212
            ],
            [
              -83.17544507336254,
              42.539999624726164
            ],
            [
              -83.17543806628329,
              42.540000647167766
            ],
            [
              -83.17543280546285,
              42.5400013997601
            ],
            [
              -83.1754275436489,
              42.540002140636815
            ],
            [
              -83.17542052170872,
              42.540003112500614
            ],
            [
              -83.1754134952953,
              42.54000406360848
            ],
            [
              -83.17540646439141,
              42.54000499486055
            ],
            [
              -83.17539942777967,
              42.540005906244126
            ],
            [
              -83.17539238667753,
              42.54000679777196
            ],
            [
              -83.17538534108489,
              42.54000766944399
            ],
            [
              -83.17537828978448,
              42.54000852124751
            ],
            [
              -83.17537123646268,
              42.540009351420345
            ],
            [
              -83.17536417741591,
              42.5400101626249
            ],
            [
              -83.17535888185454,
              42.54001075818426
            ],
            [
              -83.17535358164777,
              42.54001134198981
            ],
            [
              -83.1753482804303,
              42.54001191498002
            ],
            [
              -83.17534297703651,
              42.54001247444149
            ],
            [
              -83.17533767138029,
              42.54001302487526
            ],
            [
              -83.17533236229602,
              42.54001356356796
            ],
            [
              -83.17532528345552,
              42.540014263816325
            ],
            [
              -83.17531820012469,
              42.540014944208885
            ],
            [
              -83.17531111232067,
              42.54001560384549
            ],
            [
              -83.17530579456555,
              42.5400160866227
            ],
            [
              -83.17530047463406,
              42.540016555871205
            ],
            [
              -83.17529337927317,
              42.540017165006375
            ],
            [
              -83.17528805738931,
              42.54001760902326
            ],
            [
              -83.17528273086005,
              42.540018041286366
            ],
            [
              -83.17527740330291,
              42.540018463634226
            ],
            [
              -83.17527207355226,
              42.54001887335366
            ],
            [
              -83.17526674402549,
              42.540019271370184
            ],
            [
              -83.17526141228804,
              42.540019657658426
            ],
            [
              -83.17525607952267,
              42.54002003403151
            ],
            [
              -83.17525074334651,
              42.54002039776327
            ],
            [
              -83.175245407377,
              42.54002075069245
            ],
            [
              -83.17524007041406,
              42.54002109190607
            ],
            [
              -83.17523295152736,
              42.540021530619576
            ],
            [
              -83.17522761022919,
              42.54002184387544
            ],
            [
              -83.1752222691204,
              42.54002214722888
            ],
            [
              -83.17521692576649,
              42.5400224406544
            ],
            [
              -83.17521158147085,
              42.540022719663696
            ],
            [
              -83.17520623613015,
              42.540022989658084
            ],
            [
              -83.1752008910306,
              42.5400232470494
            ],
            [
              -83.17519554370307,
              42.540023493612594
            ],
            [
              -83.17519019538221,
              42.540023728460206
            ],
            [
              -83.17518306219186,
              42.540024023860575
            ],
            [
              -83.17517592939775,
              42.540024298555934
            ],
            [
              -83.1751687945479,
              42.54002455342099
            ],
            [
              -83.17516344242583,
              42.540024732404
            ],
            [
              -83.17515808934479,
              42.54002489787113
            ],
            [
              -83.1751509518077,
              42.540025102285696
            ],
            [
              -83.1751455967572,
              42.540025243421326
            ],
            [
              -83.17514024319962,
              42.54002537016628
            ],
            [
              -83.17513488739694,
              42.5400254869833
            ],
            [
              -83.17512953181817,
              42.54002559209746
            ],
            [
              -83.17512238974504,
              42.54002571542863
            ],
            [
              -83.17511703466589,
              42.540025794436424
            ],
            [
              -83.17511167739332,
              42.540025860815724
            ],
            [
              -83.175106319093,
              42.54002591727986
            ],
            [
              -83.17381396425048,
              42.540034418311535
            ],
            [
              -83.17226820769274,
              42.54004448176235
            ],
            [
              -83.1722627852002,
              42.540044266404884
            ],
            [
              -83.17225736224137,
              42.54004407535249
            ],
            [
              -83.1722501294424,
              42.54004385000509
            ],
            [
              -83.17224289593544,
              42.54004366156536
            ],
            [
              -83.17223746912593,
              42.54004354430282
            ],
            [
              -83.17223204190188,
              42.54004344864472
            ],
            [
              -83.1722248029642,
              42.54004335288599
            ],
            [
              -83.17221756455291,
              42.540043293147505
            ],
            [
              -83.17221213591273,
              42.54004327130476
            ],
            [
              -83.17220670682352,
              42.540043272866974
            ],
            [
              -83.17219946785065,
              42.54004330586057
            ],
            [
              -83.17219223060428,
              42.54004337578738
            ],
            [
              -83.17218499263245,
              42.540043483522034
            ],
            [
              -83.17217775640432,
              42.54004362728978
            ],
            [
              -83.17217232969718,
              42.540043758530004
            ],
            [
              -83.17216690621008,
              42.540043912313244
            ],
            [
              -83.17216148116024,
              42.540044084087484
            ],
            [
              -83.1721560580786,
              42.540044280192305
            ],
            [
              -83.17214883120805,
              42.54004457081828
            ],
            [
              -83.1721416048293,
              42.540044899264934
            ],
            [
              -83.17213438262885,
              42.54004526377014
            ],
            [
              -83.172127164572,
              42.54004566613431
            ],
            [
              -83.17212175242787,
              42.540045990206245
            ],
            [
              -83.17211634350369,
              42.54004633682118
            ],
            [
              -83.17211093786872,
              42.54004670237835
            ],
            [
              -83.17210553300188,
              42.54004709135317
            ],
            [
              -83.17210013265871,
              42.54004749838283
            ],
            [
              -83.17209473431828,
              42.540047927942766
            ],
            [
              -83.17208933926688,
              42.54004837644491
            ],
            [
              -83.1720839474356,
              42.54004884749007
            ],
            [
              -83.17207855891064,
              42.54004933657731
            ],
            [
              -83.17207317358843,
              42.54004984910775
            ],
            [
              -83.17206779278992,
              42.54005037969301
            ],
            [
              -83.17115743957702,
              42.54018156270314
            ],
            [
              -83.17115872517613,
              42.540206044028935
            ],
            [
              -83.17035874386924,
              42.54024288987882
            ],
            [
              -83.17032646349841,
              42.5402443757323
            ],
            [
              -83.16964134516888,
              42.540276544059545
            ],
            [
              -83.16926246907467,
              42.54029398784255
            ],
            [
              -83.16895618685011,
              42.540308091990575
            ],
            [
              -83.16821547135997,
              42.54034219418947
            ],
            [
              -83.16750423641923,
              42.54037493190534
            ],
            [
              -83.1664636911302,
              42.54042282458204
            ],
            [
              -83.16643772888894,
              42.5404234044329
            ],
            [
              -83.16642985292238,
              42.5402313287265
            ],
            [
              -83.16623345296388,
              42.540240342531646
            ],
            [
              -83.16625402064379,
              42.54074237487676
            ],
            [
              -83.16628792588357,
              42.54156993638044
            ],
            [
              -83.16630624339005,
              42.542017015416214
            ],
            [
              -83.16633478390762,
              42.54271361032693
            ],
            [
              -83.16636849607389,
              42.54353645614018
            ],
            [
              -83.16640221158339,
              42.54435930102026
            ],
            [
              -83.16643592600063,
              42.5451821224108
            ],
            [
              -83.16646964576475,
              42.54600502842513
            ],
            [
              -83.16648088298979,
              42.54627929106963
            ],
            [
              -83.16649212114945,
              42.54655357352475
            ],
            [
              -83.16650336060823,
              42.54682785688635
            ],
            [
              -83.16652510561514,
              42.547358482978225
            ],
            [
              -83.16654179977269,
              42.54776589189963
            ],
            [
              -83.16654854278377,
              42.547930458828915
            ],
            [
              -83.16576912702723,
              42.54794805194363
            ],
            [
              -83.16499028216614,
              42.54796562774555
            ],
            [
              -83.16387744090711,
              42.54799072977228
            ],
            [
              -83.16276460238579,
              42.54801582186167
            ],
            [
              -83.1624122008869,
              42.54802376496153
            ],
            [
              -83.16164793283362,
              42.54804098859209
            ],
            [
              -83.16158663581773,
              42.54804237019692
            ],
            [
              -83.16084497544264,
              42.54805907860429
            ],
            [
              -83.16010307830771,
              42.5480757886799
            ],
            [
              -83.15898077345145,
              42.54810105593754
            ],
            [
              -83.15888524004816,
              42.548103205620976
            ],
            [
              -83.15879021338141,
              42.54810534619401
            ],
            [
              -83.15817813856548,
              42.54811911977632
            ],
            [
              -83.15780719665453,
              42.54812746590775
            ],
            [
              -83.1569540855357,
              42.54814665720506
            ],
            [
              -83.15681332219964,
              42.54814982282217
            ],
            [
              -83.1566480875248,
              42.548152934388504
            ],
            [
              -83.15551531166834,
              42.54817426293
            ],
            [
              -83.1552761893852,
              42.548178763637374
            ],
            [
              -83.15490784465385,
              42.548185696356754
            ],
            [
              -83.15478243144042,
              42.548188055820646
            ],
            [
              -83.15405466350255,
              42.54820174808081
            ],
            [
              -83.15383204951955,
              42.54820593536655
            ],
            [
              -83.15352223589748,
              42.54821176194125
            ],
            [
              -83.15213825465861,
              42.54823778031739
            ],
            [
              -83.1519178428538,
              42.54824192252659
            ],
            [
              -83.15159414913434,
              42.54824800454579
            ],
            [
              -83.15132205305896,
              42.548253116573996
            ],
            [
              -83.15073475853659,
              42.54826414702368
            ],
            [
              -83.15031923819599,
              42.54827195128702
            ],
            [
              -83.14976273970365,
              42.54828239903094
            ],
            [
              -83.14878329680501,
              42.54830078212864
            ],
            [
              -83.14851617890882,
              42.5483057939432
            ],
            [
              -83.14772258709365,
              42.54832068093011
            ],
            [
              -83.14716875916017,
              42.54833106626283
            ],
            [
              -83.14703999783345,
              42.54833348038701
            ],
            [
              -83.14701740813459,
              42.5477731919851
            ],
            [
              -83.14696629031019,
              42.54650543965005
            ],
            [
              -83.1469443848889,
              42.54596212529831
            ],
            [
              -83.14688902728373,
              42.544589126512214
            ],
            [
              -83.14688480441208,
              42.54448435767586
            ],
            [
              -83.14676676638474,
              42.54155651700236
            ],
            [
              -83.14674949256234,
              42.541128023915554
            ],
            [
              -83.1467295896885,
              42.54063431756114
            ],
            [
              -83.1457664733206,
              42.54066043232314
            ],
            [
              -83.14170106099071,
              42.54077236818264
            ],
            [
              -83.13686724642656,
              42.540905272092516
            ],
            [
              -83.13657043464913,
              42.540909392751935
            ],
            [
              -83.13653371348099,
              42.54090990175998
            ],
            [
              -83.13626804365997,
              42.54091358649714
            ],
            [
              -83.13619978104632,
              42.540914534236514
            ],
            [
              -83.13596807620873,
              42.54091774891455
            ],
            [
              -83.13586585099655,
              42.54091916575997
            ],
            [
              -83.13567227156616,
              42.54092185110965
            ],
            [
              -83.13553192087929,
              42.54092379720421
            ],
            [
              -83.13529842809912,
              42.54092703440356
            ],
            [
              -83.13422388060339,
              42.54094192855857
            ],
            [
              -83.13418678672015,
              42.54094244177902
            ],
            [
              -83.13410120536939,
              42.540943627550206
            ],
            [
              -83.13409053648166,
              42.54094377495321
            ],
            [
              -83.13396703187975,
              42.540946590302944
            ],
            [
              -83.13304514288598,
              42.54096758762054
            ],
            [
              -83.13274840837387,
              42.540974345393124
            ],
            [
              -83.13252586379829,
              42.54097941530978
            ],
            [
              -83.13230332779689,
              42.540984480382825
            ],
            [
              -83.13184720491383,
              42.54099700504061
            ],
            [
              -83.13155045699797,
              42.541003132879865
            ],
            [
              -83.13136499674454,
              42.54100711991999
            ],
            [
              -83.13115692650459,
              42.541012678263044
            ],
            [
              -83.13113706580614,
              42.54101320824119
            ],
            [
              -83.13097152006436,
              42.54101763136113
            ],
            [
              -83.13095163499857,
              42.54101816194288
            ],
            [
              -83.13078609413542,
              42.54102258304567
            ],
            [
              -83.13071057149789,
              42.541024601176524
            ],
            [
              -83.13061530023069,
              42.541027145859424
            ],
            [
              -83.13060067057589,
              42.541027536255015
            ],
            [
              -83.13048806149354,
              42.54103054536552
            ],
            [
              -83.13041524333491,
              42.54103248912273
            ],
            [
              -83.1302840904598,
              42.541035990859214
            ],
            [
              -83.13022981610018,
              42.54103743988804
            ],
            [
              -83.13016222164691,
              42.54104022625383
            ],
            [
              -83.13009868911293,
              42.54104190510567
            ],
            [
              -83.13004442723886,
              42.54104333797484
            ],
            [
              -83.12989471551839,
              42.54104729134959
            ],
            [
              -83.12985899369357,
              42.54104823494555
            ],
            [
              -83.12969677571168,
              42.54105251859205
            ],
            [
              -83.12967356847936,
              42.54105313980855
            ],
            [
              -83.12948814708554,
              42.54105809573341
            ],
            [
              -83.1293027172483,
              42.54106304586256
            ],
            [
              -83.12928417342155,
              42.541063540309494
            ],
            [
              -83.12911728983411,
              42.54106799481597
            ],
            [
              -83.12906166317768,
              42.541069479910384
            ],
            [
              -83.12893186237255,
              42.541072944367556
            ],
            [
              -83.12885769550782,
              42.54107492468872
            ],
            [
              -83.12874643853347,
              42.541077893656855
            ],
            [
              -83.12867227289219,
              42.54107987297026
            ],
            [
              -83.12856171515928,
              42.54108282325066
            ],
            [
              -83.12844975968525,
              42.54108577082696
            ],
            [
              -83.12837560310142,
              42.54108772213387
            ],
            [
              -83.12824580682111,
              42.5410911381384
            ],
            [
              -83.1281901659094,
              42.541092602843925
            ],
            [
              -83.1280418319922,
              42.54109650574635
            ],
            [
              -83.12800472748893,
              42.541097482338536
            ],
            [
              -83.12797678276286,
              42.54109821823581
            ],
            [
              -83.1278378583096,
              42.541101874802415
            ],
            [
              -83.12781930604596,
              42.5411023635169
            ],
            [
              -83.1276800818992,
              42.54110602743462
            ],
            [
              -83.1276420066452,
              42.5411070203555
            ],
            [
              -83.12763829112211,
              42.54110711587615
            ],
            [
              -83.12745293141941,
              42.541111950310345
            ],
            [
              -83.12719755731455,
              42.541118609004734
            ],
            [
              -83.12694532494729,
              42.54112518428881
            ],
            [
              -83.12680390977575,
              42.541128871897776
            ],
            [
              -83.12658279031879,
              42.54113299492111
            ],
            [
              -83.12654817376512,
              42.54113364158648
            ],
            [
              -83.12636153558483,
              42.54113712234424
            ],
            [
              -83.12614138682753,
              42.54114122717437
            ],
            [
              -83.12592068625544,
              42.54114534267255
            ],
            [
              -83.12583507426781,
              42.54114693787978
            ],
            [
              -83.12569998570801,
              42.54114945504231
            ],
            [
              -83.12547928507753,
              42.54115356968482
            ],
            [
              -83.1252585844,
              42.54115768479972
            ],
            [
              -83.12509314598718,
              42.541160767978525
            ],
            [
              -83.1250378849465,
              42.54116179769966
            ],
            [
              -83.1248171879344,
              42.54116590839797
            ],
            [
              -83.1245964786481,
              42.54117002213645
            ],
            [
              -83.12437485338869,
              42.541174151563375
            ],
            [
              -83.12435122473484,
              42.5411745906216
            ],
            [
              -83.1235716158635,
              42.54118911160114
            ],
            [
              -83.12193938537933,
              42.54121949842344
            ],
            [
              -83.12071595631159,
              42.54124225882589
            ],
            [
              -83.11994494065907,
              42.541253898465406
            ],
            [
              -83.11902867248246,
              42.54127192848685
            ],
            [
              -83.11706120058628,
              42.541310621788114
            ],
            [
              -83.116939981567,
              42.54131285041511
            ],
            [
              -83.1164094388037,
              42.54132053911541
            ],
            [
              -83.11587262476833,
              42.54132831401185
            ],
            [
              -83.11593676188835,
              42.542797231627084
            ],
            [
              -83.11596293344049,
              42.543396686171455
            ],
            [
              -83.11599929075936,
              42.54422925504978
            ],
            [
              -83.11606516014993,
              42.545737709286314
            ],
            [
              -83.11610946952766,
              42.5467524705977
            ],
            [
              -83.11615378133872,
              42.54776712198039
            ],
            [
              -83.11620169319004,
              42.54886426491737
            ],
            [
              -83.11617960373405,
              42.54901724943399
            ],
            [
              -83.11618630055656,
              42.54918416576516
            ],
            [
              -83.11623274609602,
              42.55028551977377
            ],
            [
              -83.11624940908489,
              42.550647528113295
            ],
            [
              -83.11626329577273,
              42.551011231993556
            ],
            [
              -83.11627712096588,
              42.55137327667109
            ],
            [
              -83.11629094513846,
              42.55173531952343
            ],
            [
              -83.11630476945382,
              42.55209736326458
            ],
            [
              -83.11633579876873,
              42.552909863578
            ],
            [
              -83.11633603894803,
              42.552915306357434
            ],
            [
              -83.11633622242177,
              42.55291938892897
            ],
            [
              -83.11633640956622,
              42.55292347064028
            ],
            [
              -83.11633666313864,
              42.55292891356684
            ],
            [
              -83.11633685637089,
              42.55293299534506
            ],
            [
              -83.11633705325576,
              42.55293707716338
            ],
            [
              -83.11633732145697,
              42.55294251935013
            ],
            [
              -83.11633759331086,
              42.55294796157698
            ],
            [
              -83.11633780115373,
              42.55295204351563
            ],
            [
              -83.11633801266743,
              42.552956124594154
            ],
            [
              -83.11633829913198,
              42.552961566981445
            ],
            [
              -83.11633859048483,
              42.55296700852204
            ],
            [
              -83.1163388891611,
              42.55297244924267
            ],
            [
              -83.11633919025442,
              42.552977890890176
            ],
            [
              -83.11633949988878,
              42.552983331731106
            ],
            [
              -83.11633981317577,
              42.55298877261214
            ],
            [
              -83.11634013255053,
              42.55299421355997
            ],
            [
              -83.11634045799507,
              42.55299965547488
            ],
            [
              -83.11634078836407,
              42.5530050947427
            ],
            [
              -83.11634112480277,
              42.55301053497754
            ],
            [
              -83.11634138018474,
              42.55301461473698
            ],
            [
              -83.11634163798378,
              42.55301869542338
            ],
            [
              -83.11634190067109,
              42.553022775263045
            ],
            [
              -83.11634216579355,
              42.55302685512945
            ],
            [
              -83.11634243336925,
              42.55303093412238
            ],
            [
              -83.11634270336197,
              42.55303501404229
            ],
            [
              -83.11634297824301,
              42.553039093115466
            ],
            [
              -83.11634325554111,
              42.55304317311557
            ],
            [
              -83.11634362977848,
              42.553048611064256
            ],
            [
              -83.11634401008558,
              42.553054049979984
            ],
            [
              -83.11634439648051,
              42.55305948896254
            ],
            [
              -83.11634468842549,
              42.55306356732272
            ],
            [
              -83.11634498282378,
              42.553067644809374
            ],
            [
              -83.11634538261185,
              42.553073083939026
            ],
            [
              -83.11634568551497,
              42.55307716241948
            ],
            [
              -83.11634599208884,
              42.553081240039845
            ],
            [
              -83.11634630107974,
              42.55308531858715
            ],
            [
              -83.11634661250578,
              42.55308939716118
            ],
            [
              -83.11634703426435,
              42.55309483383088
            ],
            [
              -83.11634746211072,
              42.55310027056741
            ],
            [
              -83.11634789241033,
              42.55310570643052
            ],
            [
              -83.11634833123289,
              42.55311114238718
            ],
            [
              -83.11634866339371,
              42.553115219388076
            ],
            [
              -83.11634899797157,
              42.55311929731595
            ],
            [
              -83.11634944898788,
              42.55312473250613
            ],
            [
              -83.11634979092543,
              42.55312880781363
            ],
            [
              -83.11635013646143,
              42.553132885861764
            ],
            [
              -83.11635048446871,
              42.55313696213633
            ],
            [
              -83.11635083614682,
              42.55314103755072
            ],
            [
              -83.11635130909741,
              42.55314647208136
            ],
            [
              -83.11635166806279,
              42.55315054847619
            ],
            [
              -83.1163520294815,
              42.55315462399757
            ],
            [
              -83.11635251706097,
              42.553160057788396
            ],
            [
              -83.11635288578502,
              42.55316413338997
            ],
            [
              -83.11635325816174,
              42.553168209031696
            ],
            [
              -83.11635375915267,
              42.55317364206941
            ],
            [
              -83.11635426379627,
              42.55317907514723
            ],
            [
              -83.11635477576333,
              42.55318450740504
            ],
            [
              -83.11635529380017,
              42.55318994062986
            ],
            [
              -83.11635568569423,
              42.55319401468511
            ],
            [
              -83.11635608002346,
              42.55319808876706
            ],
            [
              -83.1163566114898,
              42.5532035203386
            ],
            [
              -83.11635701314248,
              42.55320759360053
            ],
            [
              -83.11635741846601,
              42.55321166600245
            ],
            [
              -83.11635796332558,
              42.553217097721024
            ],
            [
              -83.11635851307358,
              42.55322252859289
            ],
            [
              -83.11635906890945,
              42.55322795953158
            ],
            [
              -83.11635948884386,
              42.553232032093895
            ],
            [
              -83.11635991364851,
              42.55323610470968
            ],
            [
              -83.116360411217,
              42.55324019253062
            ],
            [
              -83.1163609320999,
              42.55324427160371
            ],
            [
              -83.11636163389777,
              42.55324971134822
            ],
            [
              -83.1163623405841,
              42.553255150246
            ],
            [
              -83.11636305215883,
              42.553260588297036
            ],
            [
              -83.11636359010589,
              42.55326466665704
            ],
            [
              -83.11636412805305,
              42.55326874501713
            ],
            [
              -83.11636485549239,
              42.55327418144157
            ],
            [
              -83.11636558656646,
              42.553279618806336
            ],
            [
              -83.11636632252899,
              42.553285055324366
            ],
            [
              -83.11636687875786,
              42.55328913298475
            ],
            [
              -83.11636743743999,
              42.553293209771645
            ],
            [
              -83.11636799977487,
              42.55329728659863
            ],
            [
              -83.11636856578056,
              42.553301362565584
            ],
            [
              -83.11636913543893,
              42.553305438572615
            ],
            [
              -83.116369706315,
              42.553309514593025
            ],
            [
              -83.11637047277131,
              42.553314948744664
            ],
            [
              -83.11637124531552,
              42.55332038296317
            ],
            [
              -83.11637202274812,
              42.553325816334905
            ],
            [
              -83.11637260948893,
              42.553329890728726
            ],
            [
              -83.1163731986468,
              42.55333396604946
            ],
            [
              -83.11637379392876,
              42.55333803963663
            ],
            [
              -83.11637438921072,
              42.55334211322379
            ],
            [
              -83.11637518859602,
              42.553347545035805
            ],
            [
              -83.1163759940873,
              42.55335297601444
            ],
            [
              -83.11637680566656,
              42.55335840705995
            ],
            [
              -83.11637762213425,
              42.55336383725873
            ],
            [
              -83.11637844347226,
              42.55336926751096
            ],
            [
              -83.11637906435969,
              42.55337333957849
            ],
            [
              -83.11637968770036,
              42.553377410772555
            ],
            [
              -83.11638052368559,
              42.5533828393848
            ],
            [
              -83.11638136454116,
              42.553388268050554
            ],
            [
              -83.11638199885819,
              42.55339233846471
            ],
            [
              -83.11638263559237,
              42.5533964098058
            ],
            [
              -83.11638327477978,
              42.553400480273424
            ],
            [
              -83.11638392007319,
              42.553404549907704
            ],
            [
              -83.11638478411714,
              42.55340997612688
            ],
            [
              -83.11638565304962,
              42.5534154014993
            ],
            [
              -83.11638652685238,
              42.55342082692518
            ],
            [
              -83.11638740552559,
              42.55342625240456
            ],
            [
              -83.11638829154042,
              42.553431676163726
            ],
            [
              -83.11638895878659,
              42.55343574423826
            ],
            [
              -83.11638962970366,
              42.55343981145268
            ],
            [
              -83.1163903030559,
              42.553443878693805
            ],
            [
              -83.11639097882527,
              42.55344794686193
            ],
            [
              -83.11639166071862,
              42.55345201329645
            ],
            [
              -83.11639234382967,
              42.55345607974435
            ],
            [
              -83.11639325912097,
              42.55346150112375
            ],
            [
              -83.11639417928265,
              42.55346692255667
            ],
            [
              -83.11639510676792,
              42.553472343169574
            ],
            [
              -83.11639603790599,
              42.55347776382255
            ],
            [
              -83.11639697638576,
              42.55348318275539
            ],
            [
              -83.11639791850027,
              42.553488602628484
            ],
            [
              -83.11639862968822,
              42.553492665783075
            ],
            [
              -83.11639934329338,
              42.5534967298646
            ],
            [
              -83.11640006056936,
              42.55350079308598
            ],
            [
              -83.1164007802986,
              42.55350485543396
            ],
            [
              -83.11640174560159,
              42.553510272860436
            ],
            [
              -83.11640271579309,
              42.55351568944024
            ],
            [
              -83.11640344893391,
              42.553519751035054
            ],
            [
              -83.11640418207483,
              42.553523812629855
            ],
            [
              -83.11640516691362,
              42.553529227569605
            ],
            [
              -83.11640590736009,
              42.55353328924463
            ],
            [
              -83.11640665271302,
              42.55353734917269
            ],
            [
              -83.11640765098156,
              42.55354276245916
            ],
            [
              -83.11640865410239,
              42.55354817669929
            ],
            [
              -83.11640966336539,
              42.55355358830566
            ],
            [
              -83.11641067748076,
              42.55355900086572
            ],
            [
              -83.11641144111582,
              42.55356306009409
            ],
            [
              -83.1164122084217,
              42.55356711846236
            ],
            [
              -83.11641323720251,
              42.55357252848221
            ],
            [
              -83.11641426963611,
              42.55357793854215
            ],
            [
              -83.11641504915414,
              42.55358199524373
            ],
            [
              -83.11641583108931,
              42.55358605287225
            ],
            [
              -83.11641588989144,
              42.55359070401975
            ],
            [
              -83.11643812048251,
              42.5537173409125
            ],
            [
              -83.11646404973625,
              42.55384306759855
            ],
            [
              -83.11649294433836,
              42.55396843966664
            ],
            [
              -83.11652479408941,
              42.55409342008642
            ],
            [
              -83.11659072478554,
              42.55432108027785
            ],
            [
              -83.11663088266828,
              42.55444474546303
            ],
            [
              -83.11671802998535,
              42.55468673134023
            ],
            [
              -83.11671962068812,
              42.5546910274426
            ],
            [
              -83.11672141847336,
              42.5546958669509
            ],
            [
              -83.11672276927929,
              42.554699495033525
            ],
            [
              -83.11672412130294,
              42.554703123129514
            ],
            [
              -83.1167259288838,
              42.55470796004413
            ],
            [
              -83.11672774135329,
              42.554712796112
            ],
            [
              -83.11672910439005,
              42.55471642162759
            ],
            [
              -83.11673046862636,
              42.55472004805676
            ],
            [
              -83.11673183655178,
              42.55472367272566
            ],
            [
              -83.11673320691256,
              42.55472729742124
            ],
            [
              -83.11673457850907,
              42.55473092122996
            ],
            [
              -83.11673595375855,
              42.554734545078794
            ],
            [
              -83.116737332679,
              42.55473816806751
            ],
            [
              -83.1167387116177,
              42.55474179015602
            ],
            [
              -83.11674055467336,
              42.55474661935627
            ],
            [
              -83.11674240383526,
              42.55475144772312
            ],
            [
              -83.11674425666833,
              42.55475627522986
            ],
            [
              -83.11674564903733,
              42.55475989566489
            ],
            [
              -83.11674704509547,
              42.554763514339626
            ],
            [
              -83.11674890894167,
              42.55476833926604
            ],
            [
              -83.11675077645903,
              42.55477316333228
            ],
            [
              -83.11675265130025,
              42.55477798657848
            ],
            [
              -83.11675452861303,
              42.55478280805104
            ],
            [
              -83.11675593931933,
              42.55478642508565
            ],
            [
              -83.11675735373277,
              42.5547900394598
            ],
            [
              -83.11675924324017,
              42.5547948601657
            ],
            [
              -83.11676113647297,
              42.55479967731094
            ],
            [
              -83.11676303334073,
              42.554804495396404
            ],
            [
              -83.11676445994887,
              42.5548081090039
            ],
            [
              -83.1167658890285,
              42.55481172083777
            ],
            [
              -83.1167677981271,
              42.554816536356235
            ],
            [
              -83.11676971211433,
              42.554821351027954
            ],
            [
              -83.1167716297908,
              42.5548261639393
            ],
            [
              -83.11677355357352,
              42.5548309760173
            ],
            [
              -83.11677547980982,
              42.55483578722179
            ],
            [
              -83.11677741091677,
              42.5548405984797
            ],
            [
              -83.11677934693049,
              42.55484540799068
            ],
            [
              -83.11678128785097,
              42.554850215754705
            ],
            [
              -83.11678323120695,
              42.55485502354542
            ],
            [
              -83.11678518190486,
              42.554859829615886
            ],
            [
              -83.11678713625582,
              42.554864635726425
            ],
            [
              -83.11678860326398,
              42.55486823897239
            ],
            [
              -83.116790073925,
              42.55487184225838
            ],
            [
              -83.1167920405249,
              42.55487664490175
            ],
            [
              -83.11679351731041,
              42.55488024645416
            ],
            [
              -83.11679499654936,
              42.554883847133105
            ],
            [
              -83.11679647822366,
              42.55488744783877
            ],
            [
              -83.11679796235133,
              42.55489104767096
            ],
            [
              -83.11679994485334,
              42.55489584688716
            ],
            [
              -83.11680193226213,
              42.554900644356366
            ],
            [
              -83.11680392452352,
              42.554905442779194
            ],
            [
              -83.11680592172783,
              42.55491023765469
            ],
            [
              -83.11680792258521,
              42.55491503257025
            ],
            [
              -83.11680992711372,
              42.55491982662567
            ],
            [
              -83.11681143448557,
              42.55492342131044
            ],
            [
              -83.11681413442254,
              42.55492960959531
            ],
            [
              -83.11681636968638,
              42.55493467900061
            ],
            [
              -83.11681860156902,
              42.55493973486287
            ],
            [
              -83.11682083957612,
              42.554944788991584
            ],
            [
              -83.11682308247198,
              42.5549498422735
            ],
            [
              -83.11682476741534,
              42.554953630689646
            ],
            [
              -83.11682645599352,
              42.55495742004601
            ],
            [
              -83.11682870990279,
              42.55496247074752
            ],
            [
              -83.11683097237166,
              42.554967519742114
            ],
            [
              -83.1168332360766,
              42.55497256784991
            ],
            [
              -83.11683550712358,
              42.5549776142374
            ],
            [
              -83.11683778307739,
              42.554982658877954
            ],
            [
              -83.11683949248268,
              42.55498644216003
            ],
            [
              -83.11684120434145,
              42.554990224568606
            ],
            [
              -83.1168434925082,
              42.554995267542274
            ],
            [
              -83.11684578436426,
              42.55500030875565
            ],
            [
              -83.11684808234473,
              42.55500534823537
            ],
            [
              -83.11685038519599,
              42.55501038776854
            ],
            [
              -83.11685269299022,
              42.55501542375436
            ],
            [
              -83.11685500565521,
              42.555020459793546
            ],
            [
              -83.11685674321173,
              42.55502423618121
            ],
            [
              -83.11685848322165,
              42.555028011695356
            ],
            [
              -83.11686080811766,
              42.555033045167555
            ],
            [
              -83.11686313792055,
              42.555038076892714
            ],
            [
              -83.1168648889438,
              42.555041849826516
            ],
            [
              -83.11686664242055,
              42.5550456218868
            ],
            [
              -83.11686839713308,
              42.555049393060195
            ],
            [
              -83.11687015795192,
              42.5550531634002
            ],
            [
              -83.11687250732813,
              42.55505819083808
            ],
            [
              -83.11687486162924,
              42.5550632156288
            ],
            [
              -83.11687722201872,
              42.55506824048628
            ],
            [
              -83.11687899508678,
              42.55507200735903
            ],
            [
              -83.1168807705902,
              42.555075774258505
            ],
            [
              -83.11688314324691,
              42.55508079474851
            ],
            [
              -83.11688551955672,
              42.55508581527856
            ],
            [
              -83.11688790200907,
              42.5550908331749
            ],
            [
              -83.11688969099744,
              42.55509459572025
            ],
            [
              -83.1168914848564,
              42.555098358319015
            ],
            [
              -83.11689387832226,
              42.55510337363487
            ],
            [
              -83.11689627791259,
              42.55510838721713
            ],
            [
              -83.11689808034973,
              42.55511214720881
            ],
            [
              -83.11689988647596,
              42.55511590544014
            ],
            [
              -83.11690229829738,
              42.55512091645528
            ],
            [
              -83.11690471504377,
              42.55512592482334
            ],
            [
              -83.1169071366609,
              42.555130933244705
            ],
            [
              -83.1169089550364,
              42.555134688008806
            ],
            [
              -83.11691077828252,
              42.55513844282632
            ],
            [
              -83.11691321214882,
              42.55514344778047
            ],
            [
              -83.11691565092204,
              42.55514845098763
            ],
            [
              -83.11691809458404,
              42.55515345334804
            ],
            [
              -83.116920543153,
              42.555158453961404
            ],
            [
              -83.11692299662883,
              42.55516345282782
            ],
            [
              -83.1169254562111,
              42.55516845086082
            ],
            [
              -83.11692791946457,
              42.55517344803367
            ],
            [
              -83.11692976966262,
              42.55517719504315
            ],
            [
              -83.11695351627509,
              42.555224707991314
            ],
            [
              -83.1169561049581,
              42.555229827191944
            ],
            [
              -83.1169587079635,
              42.55523496095587
            ],
            [
              -83.1169606632528,
              42.55523881176234
            ],
            [
              -83.11696261981409,
              42.55524265988152
            ],
            [
              -83.11696458246362,
              42.55524650806749
            ],
            [
              -83.11696654513148,
              42.55525035535321
            ],
            [
              -83.11696851268803,
              42.555254201792195
            ],
            [
              -83.1169704826981,
              42.55525804735767
            ],
            [
              -83.11697245514348,
              42.55526189294983
            ],
            [
              -83.11697443127812,
              42.55526573678168
            ],
            [
              -83.11697706979552,
              42.55527086103061
            ],
            [
              -83.11697971443749,
              42.55527598354593
            ],
            [
              -83.11698170036794,
              42.55527982478399
            ],
            [
              -83.11698369118712,
              42.55528366517525
            ],
            [
              -83.11698634807837,
              42.5552887842233
            ],
            [
              -83.11698900987659,
              42.55529390152437
            ],
            [
              -83.11699100929208,
              42.55529773840828
            ],
            [
              -83.11699301359626,
              42.555301574445416
            ],
            [
              -83.1169956876438,
              42.55530668827917
            ],
            [
              -83.11699836903344,
              42.555311800392666
            ],
            [
              -83.11700038191593,
              42.55531563382264
            ],
            [
              -83.11700239968715,
              42.55531946640583
            ],
            [
              -83.1170050933261,
              42.55532457505204
            ],
            [
              -83.11700779187207,
              42.55532968195124
            ],
            [
              -83.11701049654256,
              42.55533478711679
            ],
            [
              -83.11701320488439,
              42.55533989142221
            ],
            [
              -83.11701591935073,
              42.55534499399397
            ],
            [
              -83.1170186387241,
              42.55535009481871
            ],
            [
              -83.1170213642039,
              42.55535519481003
            ],
            [
              -83.11702409460878,
              42.55536029215421
            ],
            [
              -83.11702682868494,
              42.55536538863816
            ],
            [
              -83.11702956886758,
              42.5553704842887
            ],
            [
              -83.11703162831162,
              42.55537430382283
            ],
            [
              -83.11703369019114,
              42.555378123383676
            ],
            [
              -83.11703644264122,
              42.555383214666676
            ],
            [
              -83.11703920121592,
              42.555388304216045
            ],
            [
              -83.11704127412698,
              42.55539212029626
            ],
            [
              -83.11704334949151,
              42.55539593550293
            ],
            [
              -83.11704612033363,
              42.5554010206848
            ],
            [
              -83.11704889728223,
              42.55540610503324
            ],
            [
              -83.11705098366033,
              42.5554099176595
            ],
            [
              -83.11705307127434,
              42.55541372939885
            ],
            [
              -83.11705586049037,
              42.55541880937978
            ],
            [
              -83.11705865581294,
              42.55542388852725
            ],
            [
              -83.11706145604244,
              42.55542896592779
            ],
            [
              -83.11706355839543,
              42.55543277152596
            ],
            [
              -83.1170656656009,
              42.55543657807775
            ],
            [
              -83.11706847809792,
              42.555441651110705
            ],
            [
              -83.1170712967014,
              42.55544672331021
            ],
            [
              -83.1170741189943,
              42.55545179374941
            ],
            [
              -83.11707694741177,
              42.55545686245492
            ],
            [
              -83.11707978075434,
              42.55546192851324
            ],
            [
              -83.1170826201853,
              42.55546699463832
            ],
            [
              -83.11708475190768,
              42.55547079335529
            ],
            [
              -83.11708688610175,
              42.55547459029851
            ],
            [
              -83.11708973781823,
              42.555479651155835
            ],
            [
              -83.1170925932061,
              42.55548471115307
            ],
            [
              -83.11709474086692,
              42.55548850464234
            ],
            [
              -83.11709688976364,
              42.555492297244776
            ],
            [
              -83.11709904107778,
              42.55549609077411
            ],
            [
              -83.11710119611725,
              42.5554998807427
            ],
            [
              -83.11710407233264,
              42.55550493466543
            ],
            [
              -83.11710695467256,
              42.55550998685448
            ],
            [
              -83.11710984313711,
              42.55551503730991
            ],
            [
              -83.11711273529109,
              42.55552008600497
            ],
            [
              -83.11711563356965,
              42.55552513296635
            ],
            [
              -83.11711853553763,
              42.55553017816736
            ],
            [
              -83.11712144361216,
              42.55553522253491
            ],
            [
              -83.11712435661174,
              42.55554026425533
            ],
            [
              -83.1171272757178,
              42.55554530514218
            ],
            [
              -83.1171301985314,
              42.555550343368544
            ],
            [
              -83.11713312743343,
              42.55555538166164
            ],
            [
              -83.11713606126057,
              42.55556041730748
            ],
            [
              -83.11713899999476,
              42.555565451206355
            ],
            [
              -83.11714194363589,
              42.555570483358224
            ],
            [
              -83.11714489216597,
              42.55557551466326
            ],
            [
              -83.11714710847039,
              42.55557928639502
            ],
            [
              -83.11714932722835,
              42.555583057253266
            ],
            [
              -83.11715228802596,
              42.555588084190795
            ],
            [
              -83.11715525494819,
              42.5555931093946
            ],
            [
              -83.11715822677748,
              42.555598132851436
            ],
            [
              -83.11716120471326,
              42.55560315547476
            ],
            [
              -83.11716418637461,
              42.55560817453741
            ],
            [
              -83.11716717412445,
              42.55561319366673
            ],
            [
              -83.11717016679941,
              42.55561821014884
            ],
            [
              -83.11717316436325,
              42.55562322578414
            ],
            [
              -83.1171754149988,
              42.555626986186965
            ],
            [
              -83.11717766932355,
              42.55563074482949
            ],
            [
              -83.11717992730138,
              42.55563450351206
            ],
            [
              -83.11718218775079,
              42.55563826042087
            ],
            [
              -83.11718520616039,
              42.55564326908146
            ],
            [
              -83.1171874727165,
              42.55564702515682
            ],
            [
              -83.1171897429799,
              42.555650778571646
            ],
            [
              -83.11719201326166,
              42.55565453108621
            ],
            [
              -83.11719429083126,
              42.55565828458109
            ],
            [
              -83.11719656967287,
              42.55566203538875
            ],
            [
              -83.1171988497324,
              42.555665786209694
            ],
            [
              -83.11720113469872,
              42.55566953528368
            ],
            [
              -83.11720342088296,
              42.555673284370954
            ],
            [
              -83.11720647485936,
              42.55567828081572
            ],
            [
              -83.11720876840398,
              42.555682027282494
            ],
            [
              -83.11721106561983,
              42.555685772889106
            ],
            [
              -83.1172141306462,
              42.555690764952985
            ],
            [
              -83.11721720301482,
              42.5556957552966
            ],
            [
              -83.11721950882712,
              42.55569949739574
            ],
            [
              -83.11722181952817,
              42.555703238648164
            ],
            [
              -83.11722413268282,
              42.555706979027065
            ],
            [
              -83.11722644709143,
              42.555710717618865
            ],
            [
              -83.11722953908817,
              42.555715700974346
            ],
            [
              -83.1172326359739,
              42.55572068348304
            ],
            [
              -83.11723496263187,
              42.555724418607504
            ],
            [
              -83.11723729174338,
              42.55572815285848
            ],
            [
              -83.11723962209084,
              42.555731886222546
            ],
            [
              -83.11724195730895,
              42.55573561964001
            ],
            [
              -83.11724507505853,
              42.55574059427377
            ],
            [
              -83.11724819649751,
              42.55574556714709
            ],
            [
              -83.11725054033025,
              42.55574929615697
            ],
            [
              -83.11725288905173,
              42.55575302432005
            ],
            [
              -83.11725602395785,
              42.555757993739334
            ],
            [
              -83.11725837882221,
              42.55576171926854
            ],
            [
              -83.1172615600773,
              42.55576674592066
            ],
            [
              -83.11643164462417,
              42.55577973794084
            ],
            [
              -83.11539394709278,
              42.555795973787745
            ],
            [
              -83.11520840700811,
              42.55579887526791
            ],
            [
              -83.11471593679413,
              42.55580679126206
            ],
            [
              -83.11422743756698,
              42.55581423918414
            ],
            [
              -83.11373819268807,
              42.55582169481535
            ],
            [
              -83.11324821189768,
              42.555829158253445
            ],
            [
              -83.11288715265555,
              42.55583473831903
            ],
            [
              -83.11277544559735,
              42.5558364390825
            ],
            [
              -83.11271856926075,
              42.555837248897504
            ],
            [
              -83.11255193840773,
              42.55583962316274
            ],
            [
              -83.11251604683808,
              42.55584014986655
            ],
            [
              -83.11236761018516,
              42.55584232177295
            ],
            [
              -83.11221917237683,
              42.555844489871646
            ],
            [
              -83.11207073454,
              42.55584665867706
            ],
            [
              -83.11192229543897,
              42.55584882907595
            ],
            [
              -83.11188425128476,
              42.555849384984526
            ],
            [
              -83.1117738587446,
              42.555851000208385
            ],
            [
              -83.11162541716948,
              42.55585317109368
            ],
            [
              -83.1114769841254,
              42.55585534097921
            ],
            [
              -83.11132854618238,
              42.555857511517814
            ],
            [
              -83.11118010951924,
              42.555859678275546
            ],
            [
              -83.11103167033792,
              42.555861848413734
            ],
            [
              -83.1108832336541,
              42.55586401478453
            ],
            [
              -83.11073479445213,
              42.55586618453576
            ],
            [
              -83.11058636132776,
              42.55586835416068
            ],
            [
              -83.11045658912785,
              42.55587024864969
            ],
            [
              -83.11043791974258,
              42.55587051989727
            ],
            [
              -83.11025239981296,
              42.55587317672802
            ],
            [
              -83.11023390506871,
              42.55587245854147
            ],
            [
              -83.11010389843375,
              42.555874381555704
            ],
            [
              -83.10995545974312,
              42.55587658271128
            ],
            [
              -83.10980702596697,
              42.55587878102655
            ],
            [
              -83.10965859090818,
              42.55588098183549
            ],
            [
              -83.10951015216789,
              42.55588318331084
            ],
            [
              -83.10936171714266,
              42.55588538103224
            ],
            [
              -83.10921328327001,
              42.5558875812742
            ],
            [
              -83.10918449143233,
              42.5558880070517
            ],
            [
              -83.10906484600578,
              42.55588982810552
            ],
            [
              -83.10891641089324,
              42.555892088273104
            ],
            [
              -83.10884219147924,
              42.55589321961444
            ],
            [
              -83.10876797449771,
              42.555894350934295
            ],
            [
              -83.108619541726,
              42.55589661434261
            ],
            [
              -83.10847111023389,
              42.55589887397011
            ],
            [
              -83.10840430871602,
              42.55589989250404
            ],
            [
              -83.10813342604162,
              42.5559040174533
            ],
            [
              -83.10803321526974,
              42.555905542597706
            ],
            [
              -83.10791085911734,
              42.55590740630987
            ],
            [
              -83.10791113410569,
              42.555913199749874
            ],
            [
              -83.10793929648139,
              42.55650605599768
            ],
            [
              -83.107941303031,
              42.556548296505035
            ],
            [
              -83.10795172625873,
              42.556767713999626
            ],
            [
              -83.10796605503425,
              42.55706934953359
            ],
            [
              -83.10799179875828,
              42.55761124308427
            ],
            [
              -83.10800148226213,
              42.55781510266471
            ],
            [
              -83.10802943832675,
              42.558403550903925
            ],
            [
              -83.10804663581956,
              42.55876554502295
            ],
            [
              -83.10805328049535,
              42.55890540648754
            ],
            [
              -83.10809154392105,
              42.55971078752386
            ],
            [
              -83.10809201180125,
              42.55972065555034
            ],
            [
              -83.10787125523828,
              42.55972744004385
            ],
            [
              -83.10752634528622,
              42.559738037672176
            ],
            [
              -83.10748926249187,
              42.55973917541577
            ],
            [
              -83.10745217477084,
              42.559740315794
            ],
            [
              -83.10730382398229,
              42.55974487178497
            ],
            [
              -83.10715547677039,
              42.55974943032365
            ],
            [
              -83.10700712959142,
              42.559753985968584
            ],
            [
              -83.10687524586447,
              42.559758038353614
            ],
            [
              -83.10685878353553,
              42.55975854503444
            ],
            [
              -83.10671043629489,
              42.55976310119308
            ],
            [
              -83.10656208539773,
              42.55976765621786
            ],
            [
              -83.10641373805899,
              42.5597722146906
            ],
            [
              -83.10626539077144,
              42.559776769369265
            ],
            [
              -83.10611704340754,
              42.55978132655532
            ],
            [
              -83.10602432648494,
              42.55978417278727
            ],
            [
              -83.10601363229866,
              42.55978450189517
            ],
            [
              -83.10596869622243,
              42.5597858736461
            ],
            [
              -83.10582034581854,
              42.5597903979985
            ],
            [
              -83.10567199541133,
              42.559794921257435
            ],
            [
              -83.10557927512349,
              42.55979775088326
            ],
            [
              -83.10548655246478,
              42.55980057680586
            ],
            [
              -83.10535675426797,
              42.55980453798274
            ],
            [
              -83.10531966061768,
              42.5598056658966
            ],
            [
              -83.10515276868857,
              42.559810757443366
            ],
            [
              -83.10513422734856,
              42.55981132097919
            ],
            [
              -83.10500441816608,
              42.55981528073292
            ],
            [
              -83.10491169908995,
              42.55981810712816
            ],
            [
              -83.10485607247443,
              42.5598198047834
            ],
            [
              -83.10470772192707,
              42.55982432678626
            ],
            [
              -83.10468916834748,
              42.5598248928153
            ],
            [
              -83.10455937255755,
              42.559828849509614
            ],
            [
              -83.10446663999181,
              42.55983167809461
            ],
            [
              -83.10441102189402,
              42.559833374726765
            ],
            [
              -83.10426267126373,
              42.559837897050116
            ],
            [
              -83.10424410671695,
              42.55983846288514
            ],
            [
              -83.10411432546434,
              42.559842420134395
            ],
            [
              -83.10402157339354,
              42.55984524724084
            ],
            [
              -83.10396597237381,
              42.55984694114409
            ],
            [
              -83.1038176264948,
              42.55985146564229
            ],
            [
              -83.10379904978136,
              42.559852030369505
            ],
            [
              -83.10366927214349,
              42.55985598625194
            ],
            [
              -83.10357652123166,
              42.55985881390958
            ],
            [
              -83.10350238119865,
              42.559861073593325
            ],
            [
              -83.10333470294812,
              42.55986618437036
            ],
            [
              -83.10323717842832,
              42.55986915237896
            ],
            [
              -83.10330344531931,
              42.56104889320055
            ],
            [
              -83.10336316565984,
              42.562199466955775
            ],
            [
              -83.10342181851851,
              42.56338113625103
            ],
            [
              -83.10343121142864,
              42.56357035633895
            ],
            [
              -83.10343568522113,
              42.56366048537683
            ],
            [
              -83.10314424405978,
              42.563666668589406
            ],
            [
              -83.10019883165064,
              42.563729117127394
            ],
            [
              -83.09918138551227,
              42.563750669523294
            ],
            [
              -83.09889014699965,
              42.56375683781209
            ],
            [
              -83.09859199314374,
              42.56376315075391
            ],
            [
              -83.098282909055,
              42.56376968063016
            ],
            [
              -83.0979849430138,
              42.56377597426736
            ],
            [
              -83.0973712722227,
              42.56378893415144
            ],
            [
              -83.09736462622034,
              42.5637890743724
            ],
            [
              -83.09675093566847,
              42.5638020315971
            ],
            [
              -83.09645235272954,
              42.563808334157976
            ],
            [
              -83.09555564575118,
              42.56382725796744
            ],
            [
              -83.0951213895427,
              42.56383642037773
            ],
            [
              -83.09493740436952,
              42.56384030049906
            ],
            [
              -83.09492583417102,
              42.56384054405963
            ],
            [
              -83.09450957588734,
              42.56384932436457
            ],
            [
              -83.09409875102703,
              42.56385798918701
            ],
            [
              -83.09367866381908,
              42.56386684612629
            ],
            [
              -83.09366269582304,
              42.56386718266297
            ],
            [
              -83.09253404400337,
              42.563890972968736
            ],
            [
              -83.08955142156458,
              42.56395378624798
            ],
            [
              -83.08877218595906,
              42.56397018510657
            ]
          ]
        ]
      },
      "properties": {
        "OBJECTID": 13,
        "SCHCD": "260",
        "NAME": "TROY SCHOOLS",
        "SHAPE.STArea()": 742416946.3884205,
        "SHAPE.STLength()": 141511.8540065195,
        "created_user": null,
        "created_date": null,
        "last_edited_user": null,
        "last_edited_date": null
      }
    }
  ]
}